id,stake,blocks
0xcdb10209868775cd, 74110000, 18346
0x00000036a96efe89, 64930000, 18179
0x463e48191c7a525a, 70140000, 17727
0x618ab17e1a29d510, 71730000, 17708
0x3116c834c328af60, 69890000, 17281
0xd751362767540089, 71580000, 16338
0xd9812f8d2be808a0, 59640000, 16307
0x1b268f4c30f692b5, 64520000, 16090
0x404567269a271678, 64330000, 15882
0xa532904cbe7820ec, 64330000, 15854
0x9e734b6cd29df399, 64330000, 15809
0x3b3327c01344cd97, 71880000, 15759
0xa10865da65f78174, 75130000, 15606
0x17a6a1f289510bb9, 60810000, 15565
0xd5b90a19b9de358f, 63890000, 15519
0x0c2e0c5a1b20f96b, 47280000, 15485
0x2d10d9ee244cec1c, 50470000, 15312
0x8e0bb9b1852182b8, 71260000, 15293
0xa3e71398603f6b98, 17600000, 15246
0x77b0a93ce5fdeea1, 70890000, 15214
0x50a251d8e869f32c, 69700000, 15098
0x52e22df5fae47cd9, 73660000, 15059
0xfdc554428459eb46, 68110000, 15055
0x79c4d4fe95141cd1, 55950000, 14984
0x000000f63f54e799, 61620000, 14859
0x153806dbfe4b7edf, 72240000, 14809
0x2ba96bc293e6b572, 62570000, 14805
0x000006d9df7ddd00, 64200000, 14768
0xf0e505f835359427, 70620000, 14737
0x6b51a5aa9040aeb2, 70610000, 14706
0xd248ded376e5cee1, 58490000, 14654
0x9f1bd8716fc96766, 60190000, 14605
0x689a60c2955a9b1b, 50010000, 14598
0xd679d78b67e64037, 42000000, 14424
0x446109cd3ca2c537, 55110000, 14415
0x523484ee5baeade0, 247960, 14378
0x788898a89a433630, 57640000, 14304
0x970e9a7a4768f3da, 74030000, 14264
0xc83beb18febc3a82, 72050000, 14183
0xfcc675f8c2354442, 105430000, 14075
0xc7a434e31ad8dda4, 67380000, 13993
0x660f20fb98233d29, 54780000, 13948
0xed40b0a35c4336a4, 70530000, 13927
0x2fc4799013f54ef1, 49620000, 13884
0xfb21d3e516d3a903, 62350000, 13796
0xd9188357cfeb3aef, 44010000, 13744
0xeaa778d905f6a83d, 60130000, 13724
0x024dcb42f8b77b50, 50110000, 13697
0x71efddeadb9afee6, 46320000, 13688
0xc2c52eab7e8c866a, 51420000, 13655
0x76bfa1b2ad16cc94, 49180000, 13647
0x707725a446fe2014, 52210000, 13475
0xf76e3a11d47e33ab, 54340000, 13464
0xaef742cd56b44e45, 60710000, 13435
0x48794370bfad9ca8, 56330000, 13434
0x5b58041340a6fc33, 60840000, 13404
0x2f606921ce5d7d96, 51070000, 13389
0x5b60373e6acb927b, 72380000, 13350
0x34ae2462abbbfcb9, 71050000, 13343
0x73792979462a32ec, 24840000, 13289
0x78380abb07b99f89, 40250000, 13223
0x000046142156156e, 36740000, 13177
0xd765dee5d8bb82a7, 73830000, 13166
0x90ac71b9e7a338ae, 50000000, 13163
0xd785ff6a13d46eda, 9750000, 13134
0xe069112a7702d5c9, 53080000, 12992
0xa087620ddc583179, 32410000, 12989
0xe4abcf447ae3f6ab, 69510000, 12950
0x4b5e02dcdcf46bd0, 55540000, 12876
0x0b38a1371e3d027b, 40430000, 12863
0x33c1bf1a8862a2a1, 44480000, 12842
0x10bc63e4b00b754b, 53710000, 12735
0xf1b265f119671e7f, 18460000, 12691
0xac2d2d66653402c7, 52250000, 12572
0x83ea16a7cc6397e0, 50820000, 12550
0xe5b20e8f3bdb36bb, 69830000, 12545
0x86a19d54e4d98a58, 66680000, 12474
0x7d89d3f118155a8f, 31290000, 12468
0x30432a0b88da4922, 12230000, 12428
0xfa582440629111c5, 72130000, 12391
0x42c3740d8c8a21d4, 69010000, 12361
0xa531c8c1a310a947, 16320000, 12337
0x5ed675dd3686cb70, 59660000, 12335
0x86c8a19e7d9ec0f9, 31820000, 12303
0xcfff13491ddaaf19, 70800000, 12288
0x53215c4731ce8bce, 35540000, 12249
0xb3cc300517d9e10b, 35780000, 12241
0x6184f6e752750700, 34980000, 12177
0x24cc639f05f8a44f, 49140000, 12039
0xf8328a360d3680b3, 383340, 12023
0x7c6b4a7306563ad7, 69460000, 11946
0xe6ac159e2f42d10c, 58390000, 11913
0x2bf5a0311f20eec9, 50000000, 11684
0xfb4b7b7650ec3346, 19160000, 11617
0xbcd7cf75ad3ac210, 34970000, 11568
0x2dc733ef576e2913, 65490000, 11561
0x57eb48cd1c9a2496, 48080000, 11524
0x4511bcca32704dc9, 31530000, 11519
0x9417e18e14cf75b2, 43120000, 11510
0x0775f013c5135c3e, 45870000, 11500
0x08453273566a6b61, 42280000, 11382
0xb405a627286997c4, 27260000, 11356
0x849cdde72a20bb88, 57580000, 11311
0x91ab08282a02fb85, 27410000, 11271
0x9ca4378aa855664c, 70000000, 11258
0x661d04fd0f7b2352, 70010000, 11254
0x2885a48f3b5ebfdf, 70000000, 11246
0x120ccc0122b1aa5f, 41410000, 11228
0xa631b4637e331e5e, 35190000, 11220
0xfc2d8488d0b0aa45, 51710000, 11217
0xbf7908eaf6caf8eb, 14550000, 11124
0x9a22c0080cd29542, 43610000, 11036
0x37c37fde180b1efe, 19040000, 11012
0x1c8cd022d8b1515a, 30590000, 11004
0x36e0db925fa4e134, 52440000, 10988
0xd69b6b161d3ae25c, 62050000, 10933
0x365a5a9c7dc0b488, 70000000, 10931
0xc01546ef21f75b4e, 35730000, 10871
0x483b0d1167d9bb0e, 70020000, 10841
0xee98a72de260f2dd, 1950000, 10801
0xfe59e220f696d134, 70020000, 10751
0x8871f659a514b746, 30320000, 10715
0xd66b12182062f0e1, 70000000, 10711
0xf747045b8d7f0280, 70010000, 10710
0x04c60c78ade7e438, 38440000, 10698
0x5eb36297d99e82a1, 39250000, 10690
0x4aea697c65ab59af, 70710000, 10682
0x4fd4f6b692990d35, 70010000, 10643
0x603976461de73240, 31670000, 10629
0x842dd6ffe26c7346, 10310, 10606
0x0019cb5a457f4de4, 32610000, 10547
0x6658713ea3a0cfb4, 53610000, 10526
0xcad3d1c6f215bc0f, 30130000, 10517
0x92bda83eb7ac5c02, 70280000, 10504
0x4594f67cb4d79f32, 70020000, 10483
0xa374a14d45d9e8f6, 38720000, 10479
0xedfa208d9d1dc039, 70260000, 10449
0x03fbee96fd4a55b6, 8420000, 10317
0x6539a70b93475513, 53540000, 10310
0x95c4956f447e6443, 44020000, 10298
0xc10116450350d8da, 31880000, 10292
0x837a3cf875d0f788, 70000000, 10280
0x56b76df4de526ee4, 26570000, 10271
0x397f04ebb8e24f48, 52460000, 10254
0x83f09b0a5a2d8266, 17360000, 10191
0xc1cadab46109a7bc, 37090000, 10149
0xde950fe8a11797d4, 24270000, 10148
0x31af050912ff42e9, 17700000, 10137
0x2382bac6da0aa064, 43630000, 10127
0x75edaff51d4dc393, 22960000, 10105
0xb900dfcf58bdcd33, 70000000, 10079
0x38ee2f8d2065d9ad, 38810000, 10042
0xc6fbd4e4bab2f600, 71570000, 10033
0x72de14d7bf672ee0, 72530000, 10011
0xa5b36528aa325f1a, 42830000, 9969
0x699c814b5e2edf73, 58480000, 9947
0x89f7ebe501e12c84, 41980000, 9947
0xa980761656ffafb5, 70000000, 9921
0x243499b57d116964, 161140, 9909
0x49f23c86429392eb, 35130000, 9906
0x061f4c7b1aceb5c7, 70000000, 9893
0x71a659c30ea4c482, 30910000, 9890
0x0001a003b6cd548f, 42370000, 9878
0x266a2199899f65dd, 10330, 9863
0xe14a650c9c47e399, 23650000, 9854
0x34eb602e3c85951e, 29240000, 9847
0xbc00a90f1555ca28, 26270000, 9843
0x625ae8c8b9b01ad9, 967, 9842
0xb62772f55266e217, 6020000, 9841
0x9679eaa0f03a5316, 25910000, 9836
0x7a990e7eb94a073f, 374, 9814
0x95954fa8cce3a23e, 48070000, 9813
0x0f5812556b3db679, 868, 9802
0xb3f9883d4810ba6b, 74560000, 9776
0xce19882f11b6f62d, 16500000, 9764
0xffb3fe5827e78b7b, 3860, 9762
0xcb9a54143da95a86, 17710, 9759
0xb21ddee9ed503c2b, 8680, 9732
0x23779587d5ea4cdc, 160190, 9726
0x639288b57b4ab086, 3200, 9721
0xd497017760dd4a67, 3110, 9696
0x96a46d5aacf74fdb, 1470, 9649
0x72583cf486041d61, 4750, 9647
0xa56e07cb2f06e795, 41720000, 9647
0xa503e42a67483980, 56820000, 9637
0xc1bef45a82823ee6, 455, 9632
0x96840ebacc544855, 32770000, 9588
0x6feba2d1a235c5ac, 70990000, 9577
0xbeb5390bd6c0a392, 478, 9574
0x40ff7125d4be5299, 223, 9561
0xaa8ce95c476483b9, 69240000, 9559
0x2cf87fad2a56d015, 4300, 9553
0xb441812806138dd2, 9120, 9550
0x3caaa49b14e93606, 8990, 9517
0x9418abb3a665f4ac, 3390, 9493
0x7e00129d46c653bc, 208, 9436
0xa0fc643df5376520, 12480000, 9413
0x3200ed8a41e34317, 10200, 9409
0x662796192ac81c17, 97, 9397
0xa778422893a0444f, 1690, 9385
0x8f67312cdd4671a4, 27330000, 9382
0xa250eb51fbcddb75, 7560, 9382
0xb573268b1ef885d2, 2620000, 9342
0x7df262feefb7f549, 33910000, 9333
0x54a7cf8a4662053d, 43150000, 9324
0xd5e0f91919daa17a, 36050000, 9322
0xcb40e0cfdc153769, 70050000, 9317
0x92229dcfea86fb5f, 15670000, 9237
0x8e06d57e78d32851, 38180000, 9210
0xabacadaba3a11d9b, 60520000, 9209
0x3c68076a1d7cc086, 809460, 9159
0xcb87bf12651b371f, 42490000, 9138
0x30f9a4c5557efcee, 33080000, 9117
0x07c3053568730bb8, 70000000, 9111
0x2c88e3a7647e9c53, 195, 9091
0x90a9f9429c249896, 32440000, 9074
0x3257f318233d5b63, 30000000, 9022
0xe0d0ce686faaa19c, 44890000, 8989
0xe645c03465f25a84, 5830, 8976
0x1d297224379b5fdb, 36670000, 8969
0x3d82913db98ce830, 5610, 8969
0x2fd4fd5f0ae3ca90, 50010000, 8947
0x2352f8c7d27799a6, 23, 8935
0x82906c847c6a4184, 74, 8934
0xddeb342b2d3d784f, 40040000, 8887
0x4a2aa209fe29e642, 24570000, 8878
0x936316c2002b9eb3, 121, 8870
0xcaf8502f87f682e8, 41260, 8843
0x881b671211bb3e42, 70190000, 8839
0x2a748e389caa5091, 38090000, 8803
0x22cfa3b8ce8d91a1, 23850000, 8802
0x204f495139cb438b, 2140, 8796
0xe0ac9f1b03eaac93, 1400, 8770
0x6198d2070abe9a6a, 11260000, 8748
0x09612bc8d973554b, 21640000, 8701
0x88cc73fef3dfc438, 47310000, 8697
0x9b9890b8f564b0a3, 1500, 8680
0x533a710c85031ce3, 6, 8671
0xfcbfb4a353a0d586, 14410000, 8616
0x3a203ec10c6b3013, 35010000, 8594
0xff069b3e2bfd297b, 21450000, 8569
0xf99151a5e1c264aa, 109, 8549
0xd2b32bb4b08fdced, 432, 8543
0x89eba278bba22957, 25360000, 8530
0xfd832d27dcff556e, 11380000, 8530
0xc1d314a74a8ea3ee, 6, 8526
0x00beef87f03b1e18, 25830000, 8512
0xc51e4e6cca53110a, 22040, 8504
0x80790f580b7d50b0, 13140000, 8501
0xe2eed9f56f91d748, 37520000, 8470
0x11c660b8c9c6de9e, 32, 8444
0xb6f7db8237abaad7, 72890000, 8438
0xf4762ca1172c9a2f, 57740000, 8434
0xcf2b0acb1e5fa260, 22, 8407
0x37303e39bc6856f0, 35000000, 8390
0xe985b5690f38694d, 46220000, 8368
0x61d259840f7a57ce, 5820, 8359
0xc779f67a57f42e56, 20450000, 8350
0xa3ac6ca0730fafb8, 24350000, 8345
0x263498e02a75871e, 33950000, 8301
0x37e0b7c907e0e1b8, 35010000, 8296
0x087cb9a93b998548, 35670000, 8272
0xbdd750e1cceec822, 19510000, 8235
0x4690a6bc0d7bc7c5, 4390000, 8226
0xac5ba151180e1d65, 70000000, 8216
0x56f78c5402648dfe, 15060000, 8186
0xd808aa16c100b6f1, 24180000, 8144
0x43a7cf276f9cdbdc, 24030000, 8126
0x19521342d5379f3a, 72900000, 8121
0x54f5f261bb26bc18, 27220000, 8115
0x0d25da9fcab3e68b, 28140000, 8111
0x481d305a72b96386, 33580000, 8105
0x7d7ac07a1464f1a6, 32130000, 8090
0x8c289ee3b441fc22, 35000000, 8089
0xb619d366a7a8564c, 35550000, 8071
0xc4ded02c16752ed2, 27400000, 8069
0x9ad2692a07193edd, 26350000, 8060
0xbd8286b79b2932a5, 22640000, 8056
0x14cb79636420bca0, 23660000, 8054
0x94864d272d811232, 15500000, 7993
0xec3308ce85a15d8c, 40340000, 7965
0xaa65bf84f1e631aa, 46220000, 7960
0xdacdbb3e51633e1a, 70210000, 7944
0x5cfc3c331c21a905, 70000000, 7913
0x7d45120f6621d7bd, 70000000, 7899
0xcb11e3e5300a2b7e, 32230000, 7899
0x0840d05063d39562, 12480000, 7860
0x4e0356a87ac17cdf, 70400000, 7852
0x8e8053ca15dead06, 62090000, 7840
0x30c6319d4dfc0c54, 18020000, 7835
0x2e65f9aada9db85d, 17360000, 7813
0x988b7a8f22fbbf28, 64470000, 7809
0xbbe8aaed8893b970, 27670000, 7797
0x66958f349db22262, 70240000, 7676
0x28cf6c6ca229d380, 18510000, 7658
0xe0bfd78f124dfdc0, 22010000, 7651
0xa89b863747e4510a, 35640000, 7646
0x64e09628158450b0, 10990000, 7612
0xc27db0497c766a5b, 49750000, 7608
0xb91e740501510c05, 32180000, 7606
0x936f24e3ba38af8d, 22850000, 7567
0x7113de44e9c637b8, 21430000, 7558
0x793bab98ced39d92, 39860000, 7556
0x4987d8a8915dbf51, 70010000, 7541
0x3a2c7b317bb2dc66, 50010000, 7529
0x00beef0a3d477114, 24080000, 7509
0xe7b605b707031535, 17840000, 7506
0x903c38e5d20bb1c6, 36540000, 7502
0x07cc6744d3e9d3b5, 31970000, 7492
0xb0c53bbb9fc4ff27, 23210000, 7480
0x4ef0c287c3055ef6, 29240000, 7474
0xea595c6f4f7c5841, 1000000, 7441
0x6753045145fd056f, 14380000, 7438
0xe118432cf7655b86, 22230000, 7431
0xad1b668743bef78d, 10170000, 7430
0x0a423fa44499dd1d, 30210000, 7397
0x32fdb90d43ed7443, 50000000, 7368
0x32ae538b3e1b300c, 22450000, 7356
0xffcd73fd5bf168c3, 16810000, 7353
0x0c2cfc288c6c3448, 29680000, 7272
0xb59366e35d1d84aa, 16220000, 7272
0x09d37220101756bc, 11790000, 7239
0xf839821bdfd95c0b, 21810000, 7229
0x03ba7357225e12b0, 17090000, 7212
0x50e113d10131eb11, 17370000, 7203
0x9dfeca099722bd97, 9380000, 7176
0x571b0be3b05d6a75, 31880000, 7166
0xe594951f64807dfa, 19560000, 7090
0xf018942955e6ade1, 7910000, 7086
0x1ed4fce1e192c656, 59260000, 7054
0xfbf6753d572a6051, 64660000, 6997
0x3635fed0a4297069, 10650000, 6972
0xb6a310dfae5465de, 71190000, 6943
0xa95b4f8910caf7f9, 27860000, 6935
0x65ea43eaac9535ed, 15310000, 6929
0x0322ccfd64db7507, 29, 6917
0x1b2523e0456ef4d9, 29460000, 6915
0xf5b2ef0ddecceb66, 18990000, 6910
0xe455088c1a06cfe5, 118420, 6892
0xcf69a3ec905834aa, 12750000, 6887
0xdd7330d2a68d96d7, 24990000, 6877
0xe5c947f024223c21, 20050000, 6819
0x1d8988c2bca71b53, 7310000, 6817
0x584942758d596580, 34900000, 6803
0xb40683f41f5f29bf, 36570000, 6792
0x2f09336abe434081, 9220000, 6766
0x4a5571be71e4d130, 62190000, 6757
0x00000aed3c893f8e, 16190000, 6745
0x16d216d0b5391de1, 22350000, 6741
0x194bdd07fbbf1ace, 70770000, 6724
0xeaa28db383c79acd, 46420000, 6723
0x27526b2dc359f0d6, 70780000, 6721
0x971212dbf1096399, 21810000, 6698
0xfc88e862dca43f43, 19990000, 6689
0x3c2dedcd837770d5, 70760000, 6682
0x4728a5253162661f, 70740000, 6655
0xd4a3b6391cc59051, 30540000, 6624
0x65c47f527adc919e, 70710000, 6616
0xd2f12c2f084470d9, 7890000, 6563
0xd9ae0d65c903be94, 62230000, 6548
0x41c8a40a48b3c98d, 10330000, 6527
0x78da8fa29f5ee3c6, 64730000, 6517
0xc4a4b16baf9e39aa, 38760, 6482
0x6371c79316c6d44c, 10370000, 6417
0x0e3f803926f511ee, 20950000, 6414
0x9ffd5ceebf8fef49, 24690000, 6406
0x6c518b4861c4c368, 44900000, 6399
0x06b4d54e450267ec, 7850000, 6364
0xe811a4b2e0fbb8e3, 22170000, 6318
0xae66e56a10012d7a, 16220000, 6306
0x052100e6e1b1a1ac, 702700, 6303
0x6b5180a24c29abe8, 5820000, 6295
0x727ceb44eff1dd12, 19530000, 6284
0x83b8495a8abff48c, 50000000, 6272
0x40d04c1364369173, 19540000, 6240
0x20b95f873a8bc7fc, 4140, 6213
0x2313599826c29ef5, 35810000, 6190
0x15b5c320c0e8823e, 6400000, 6184
0x279d3af9b530c3a2, 30810, 6184
0x87021d78e60a7000, 5400000, 6127
0xc5d7ddd35617948b, 10740000, 6089
0x68ac3c1b2403b9fb, 14040000, 6080
0xafb33d38e40183d1, 22910000, 6040
0xccf9fa7bdbdd8f8f, 56370000, 6024
0x83b259c1dd8703c1, 13170000, 5991
0x2523d71a16a11f9c, 6810000, 5980
0x032f086aa8530e0f, 18200000, 5967
0x0338d4f18e824428, 39950000, 5910
0xc473846aff136a45, 26430000, 5886
0xf83cb781830a4d88, 188970, 5884
0x00beef379186a16e, 17490000, 5821
0x490353aa8b0274ba, 10230000, 5733
0xbdadf198d688a6fe, 27770000, 5731
0xabcdef7730719ae5, 6370000, 5688
0xe56066e8e4d61e5d, 9190000, 5685
0x62c337b4d89085af, 46400000, 5676
0x8efb0539ebad217f, 71390000, 5662
0x81e35f120390eca2, 70000000, 5651
0x7e82a9490cb3270b, 9910000, 5629
0x8e6f0aa07d8721f9, 5180, 5603
0xe75ff3539bae5f69, 10000000, 5601
0x0e773f937732961a, 15660000, 5577
0x9b97ad9844ed8bcb, 23170000, 5553
0x4deb0ba922f46348, 10000000, 5543
0xc63dab6ddf03827f, 11120000, 5527
0x163cc366971c99d4, 11810000, 5501
0xa6fc7ec649f7cb29, 22990000, 5483
0x3b0a33f56c517985, 14150000, 5458
0x5ea0be57e9625e99, 20740, 5444
0x99127328ff973a01, 5980000, 5423
0x2c799c3e28294a50, 56010000, 5386
0xfa67f3245b43f898, 29830000, 5360
0xcd29aa2bd432cac8, 8690000, 5351
0x401045f4c652850c, 33910000, 5337
0x032cd967ccd22c8b, 35970000, 5335
0x779b6f0ec1da90b9, 70000000, 5335
0x57e0985de6f805eb, 8830000, 5298
0x38927599785bb05a, 17760000, 5287
0x43bf2e2c12f52e50, 16020, 5253
0x6b9da81ea8f61b0a, 3450000, 5239
0x1cb5d0e029600a74, 4430000, 5222
0x86a1ac91dbdeccc5, 17250, 5194
0xb2817f8c83e9bdbf, 20280000, 5165
0xd54cc1cdad2334f3, 36340000, 5096
0xff46164e843fb008, 10790000, 5095
0xb62ecc8c87aaa768, 1590000, 5085
0xe3f782914852b986, 15910000, 5045
0x926b65d051191a70, 1440000, 4995
0xec128b01bf848bc0, 22330000, 4989
0x35a38b787a83c4c7, 6, 4880
0x39580d748a90f8ed, 24940000, 4871
0xc7e431513b9a22ad, 18, 4849
0xf8024d90db4078f9, 6760000, 4838
0xb83ec9c4c5d0e159, 32, 4822
0xad3d89ff217123a2, 75240000, 4820
0x49b7d9e289ae3d89, 8250000, 4799
0x84454041b7a4dfa0, 5440000, 4785
0xb6e038fbcb97b0ef, 15620000, 4740
0x7095ee942e9d18b7, 10040000, 4736
0x4f0402508e3caf46, 30250000, 4719
0x654d9659bbbf8a6d, 4950000, 4714
0x92fcdd76cc6536a1, 18780000, 4713
0x44b7918253e103dd, 2530, 4706
0xda48231105e652ce, 70790000, 4706
0xdd47ad6aac26aad2, 4070, 4696
0x351a90a08bbb31d8, 32510000, 4690
0x000001b8c70a31ee, 8250000, 4623
0x43e608ee476a8dda, 12020000, 4579
0xbce69640e83d86f2, 16440000, 4557
0x0ec6869eec9aa2e3, 5190000, 4534
0x3d1e66117300ec37, 16030000, 4505
0x0236ec1a7cf172a8, 19260000, 4504
0x47605a7cd55a1d6a, 18230000, 4493
0xee9ef63e9f1df4c3, 3630000, 4485
0x16d7b3938b2e9e8a, 354370, 4473
0xfdd8140cd55b0a9e, 21050000, 4427
0x40420981713d7098, 4160000, 4425
0x585a5de127641760, 3, 4379
0x6fb41f09ec19c097, 2950000, 4348
0x55eaf38b55089903, 851, 4346
0x299782c07d72dbde, 69110000, 4334
0x93ca5c2fdb20af51, 19210000, 4330
0xf1756667cdd18746, 399, 4315
0xbbbe8bd9028cc2ab, 6490000, 4299
0xe81672618f1ec67e, 9630000, 4289
0x4b11b32e928e05c2, 50000000, 4275
0x000001102e61fad5, 28470000, 4258
0x28f85efe4cfb4d8b, 7430000, 4254
0xfdb0d8ba3398aec4, 1550000, 4254
0x486d217af5a1ef6a, 4, 4187
0x9dff03e463e8ef57, 5210000, 4180
0xcd5721febbaf9599, 3820000, 4166
0x111646b0d0e36624, 17560000, 4152
0x1e174471e6e7698b, 43390000, 4138
0xc8a15d648df24d42, 10090, 4137
0x1c8e2b0a32cdd59d, 13540, 4128
0x00beef2824d43fc1, 5030000, 4124
0xc485ab2000a1fd27, 6810000, 4103
0xc3798f71b878e892, 21310000, 4082
0x9924e7d7d5fcff8c, 18610000, 4076
0x00beef93cf40c706, 9100000, 4025
0x4a78ca15df8f140e, 89, 4021
0xec7365971b0a3026, 13650000, 4014
0xbe6d07b33691eeba, 31070000, 3967
0x0ef7aa5608e0e033, 67170000, 3917
0xfc812042735784d7, 60690000, 3902
0x2146dfb2618ab8fc, 20770000, 3880
0x6c90794089e041e9, 8920000, 3878
0xf2fa0dfeb04e19a3, 27930000, 3874
0x00472a2a2c9289b3, 1070, 3847
0x39654d8b4076ce55, 3160000, 3814
0x37d2b23fcb5093f2, 23960000, 3787
0x3423502837817b28, 70360000, 3779
0xa314a18511ebebf6, 55050000, 3776
0xb3cdd3bb1e10a928, 8250000, 3762
0x7b75bdbaa1197f4e, 74210000, 3756
0x7e53c23412cdeab7, 11040000, 3715
0xec6cdcad98d29a23, 9920000, 3698
0x3ef28c9dc6d88e0c, 1470000, 3688
0xc94e6fe1bec2d3d4, 32580000, 3637
0x68f866aa92e5df2b, 6520000, 3636
0xae93356f0f89ac06, 50490000, 3628
0xa43ceac08cfabc81, 73710000, 3627
0xa75f5263641b415b, 139250, 3620
0xc6da03f5d59b0562, 18530000, 3564
0xdf27b85203c49c1c, 18440000, 3564
0x636fab1b31fad5ad, 25910000, 3546
0xd1d6f37fd928772c, 4290000, 3533
0x28489654d46d614a, 14050000, 3527
0xe1c990713d11e560, 35080000, 3521
0xe293c1452587eb72, 37610000, 3501
0x059b4217115b2415, 11220000, 3493
0x135605c3a6b6e656, 18750000, 3473
0x566ebd3443571627, 8210000, 3468
0x7d50b9c63937a73f, 21880000, 3459
0x4c15ba0fb16511bd, 12790000, 3454
0x0000fc52bf9a363a, 38250000, 3446
0xe2c17915f9d1701a, 21800000, 3445
0x87dc693dacfd9f24, 18400000, 3398
0xdda4bc6451b3ece4, 9110000, 3388
0xe00ff5463d8daf34, 7670000, 3380
0x6ec02770c835349d, 8150000, 3374
0x593dfbc6418f7b23, 10120000, 3346
0xb7c07212254d6f31, 4, 3344
0x40183423c2bd5318, 10720000, 3343
0x348127655ee80c1d, 19470000, 3306
0x12eda6e29cde77fc, 20060000, 3304
0x335d95163bae2e40, 105, 3293
0x7782b3a9fb8463f8, 5490000, 3284
0x8e9c37a1376a3860, 4800000, 3281
0x0319357f06a05d03, 20710000, 3257
0x4b338fddb0e9e0b3, 53440000, 3243
0x88a8b3bb064c6dab, 63350000, 3233
0x80cb48c25a259cf1, 5590000, 3228
0x557fb2fac3168f3d, 21740000, 3224
0xd058aaaed86415e7, 30080000, 3214
0x00beef53378dd5db, 9780000, 3207
0x765e69631b58fff6, 22130000, 3205
0x60f301e5702f74fe, 53840000, 3192
0xb6139d650b83c455, 54040000, 3181
0x677f9a31284eefe6, 52820000, 3176
0x8d17a45c76d11a23, 51840000, 3172
0xc82516881df768ae, 30800000, 3109
0x576f80a1c051de17, 32150000, 3102
0x868dab7d9530d2c5, 3710000, 3101
0x9479b6e320ac9199, 9100000, 3083
0x4d675db61ceefafe, 32140000, 3061
0x39b609163a17bdd9, 32130000, 3060
0x921dc3fc57db8ab5, 5210000, 3045
0x8dcdf3376886c615, 39280000, 3043
0x1506bd5ab6939efe, 38640000, 3042
0x982f9261e5af7181, 29550000, 3041
0x943bfed0e286a30b, 32120000, 3021
0x518dc4739ca82215, 32170000, 3020
0x0ac5fabdf6968c81, 32260000, 3016
0x9fff445c4d6c281c, 32280000, 3003
0x49cb80cc1044bea5, 32120000, 2992
0x00333b8928ce5256, 3300000, 2983
0xd60a72f6049bc46e, 32140000, 2983
0x18532512b7e02f4e, 32150000, 2971
0x556e4281af848d07, 32510000, 2971
0xfa610fe07d462473, 32150000, 2969
0xde747d8a04d7b191, 32260000, 2959
0x503fa7390af0fe0d, 1, 2952
0xe4b1c8ecd190c715, 13370000, 2946
0xf059ed9e6a5fced5, 1380000, 2944
0x8857ee40f4db0cc6, 13930000, 2940
0xd31f204c825ea547, 11950000, 2938
0x072a77052a66b07e, 11590000, 2932
0x79bc38773847aedd, 32130000, 2930
0xec8260104f70a8b7, 6, 2929
0xf85ca74e8e666be3, 32230000, 2924
0x60014da03ebf1981, 32130000, 2917
0xf62bc8f93fca6b09, 32190000, 2917
0x643472a2887b1e88, 15000000, 2916
0x0f292fcaf3ef2735, 7160000, 2915
0x9b991c44d558a401, 32170000, 2911
0xff8ce26a928d95f6, 32140000, 2906
0xc05c4d9bc0be2abe, 63200000, 2897
0x9a881d68662df659, 5000000, 2892
0x7ac19e691a36cff4, 27950000, 2890
0x003e98e4615d9428, 5310000, 2883
0xf0e708ba6ccc8088, 4240000, 2883
0xfb110d216478d306, 32240000, 2878
0x105a68163bb05968, 12390000, 2871
0xfece558dc9b787e4, 32150000, 2871
0xbd8741616c336b8e, 7460000, 2869
0x18652168e3a18e3c, 3980000, 2864
0x0f9f064865a518a2, 63190000, 2862
0xbc7b99070b3f9c1b, 4640000, 2851
0x56fc2287ddf8ab18, 61290000, 2847
0xa3a542bfc0d37846, 3930000, 2840
0x90264742eb5f9b10, 30920000, 2837
0x3e695a66425147c5, 13910, 2834
0xe40edb5a68e80d9b, 20910000, 2834
0xa2ccd8e940f26a28, 16350000, 2825
0xbe7e2461c0784ff6, 5380000, 2814
0x7fbab5f4a474c0c4, 261570, 2809
0x78373839bf2fe877, 3990000, 2808
0xbd384c4bf0d992bf, 3, 2800
0x03e5b1d34e34ce24, 23430000, 2794
0xf7b96ff020e672f3, 136870, 2779
0x76e80e1b5d17dc52, 21270000, 2774
0x5e964c17d6c7fdbe, 30450000, 2765
0x0880d485e723c450, 21510000, 2761
0xcb91386e598f9c03, 64710, 2748
0x1e1be0432b46a3e9, 8050000, 2742
0xd31b9122d12acbb4, 116420, 2741
0xe8f53875b410eb1a, 16570000, 2737
0xa07f6d169b3f2252, 7360000, 2734
0x1575d127542cd1fa, 38610, 2729
0x969b7892be55f5bf, 4700000, 2711
0x494b1ade55bc2aa1, 3590, 2690
0xdec7757e68c13320, 40, 2647
0x8d5b59b69ab3a5dd, 119450, 2634
0xc974db0e08e24161, 156190, 2629
0x2fb278daee898607, 23410, 2622
0xb43a2817d209bf9f, 2080000, 2590
0xc29c92f8afe76baa, 17530000, 2567
0xb49a54a4619c4fa1, 7680000, 2557
0x894ff15d19d756b5, 23050000, 2540
0xd9e2d18112390655, 1250000, 2540
0x1ec2c7dd66f50aca, 35350000, 2529
0x290401c712676bb1, 29310000, 2516
0x738585e470732c8f, 3190000, 2506
0xff09292f918b5890, 35570000, 2488
0x0c717311671c916b, 3970000, 2484
0x69515a7b3b042b13, 6970000, 2484
0xe66b3464ed7cd472, 11390000, 2479
0x0cbc37bb2beaf80d, 14770000, 2478
0x6804118f52bf11d9, 744890, 2467
0x079c3741ab962791, 4600000, 2466
0xc0d70a23e609df0d, 11730000, 2465
0x4a9c990232ffa180, 68150000, 2446
0xdfb3f960551fb15b, 3870, 2440
0xe76993274ca5cb6f, 28280000, 2435
0xa0a6af807f488503, 4880000, 2430
0x01df29423c34cf58, 6470000, 2422
0x9138b6f076907f10, 8180000, 2422
0xfe98bee71b903f8d, 19080000, 2419
0xdddce88351ecc26a, 21340000, 2413
0x41b59eb949e51b51, 5010000, 2402
0x4744b317708bd65b, 60880000, 2396
0xe36c628f706ce8d1, 5770000, 2389
0x2bfa59438e3f5159, 2970000, 2376
0x196d0c94d772de38, 28450000, 2373
0xf37a8ad3925045d8, 877630, 2370
0x455778849e39cb59, 5000000, 2356
0x07ac7deeaf4b2b3e, 20770000, 2350
0x27eba5db71ccc36f, 1480000, 2335
0xdb827cb9ea4e22ba, 8770000, 2334
0xe9e7e497e8007466, 44920000, 2322
0x888bb4c1445b4d92, 28420000, 2301
0xf3efb842fea11083, 14030000, 2295
0xbcf96cfca26ab728, 28420000, 2294
0x538299a3744bb357, 2220000, 2288
0x6dd356aeb82bfd77, 14180000, 2279
0xd0f48f079bbc959a, 28300000, 2260
0x01cd4b51e6850be8, 92, 2253
0x065761dec5da35e4, 10570000, 2245
0xaccd28c0aabe7806, 2, 2244
0x3d2294ba308e8567, 9680000, 2241
0x21ad7ca8cf5beb73, 54180, 2230
0x84a777938184b591, 28170000, 2220
0xa24a0b7f2d589a80, 11000000, 2191
0x38a7e77616b63687, 405130, 2188
0xc06a0f39e50a5142, 28360000, 2185
0xcd8a12596a6252ef, 28370000, 2174
0x00beef681ecf7804, 4870000, 2165
0x77ff160ec60cd290, 291650, 2157
0x8ace4ea6220adfdd, 28350000, 2153
0xb6ad3e6eab3e84bd, 1110000, 2140
0x7ca6f74b610c5d12, 7420000, 2138
0x20df864543dcbea9, 3890000, 2132
0x34f513d0840fce47, 2940000, 2125
0x0cc4e44168cb8095, 6500000, 2123
0xb294aaded4d86ee7, 28320000, 2120
0x9e5dbc6190b83afa, 14900000, 2112
0x1b94521f8dcfd167, 10030000, 2104
0x3d0a287ffd811de8, 28330000, 2104
0xfebb924e5186176d, 45550000, 2103
0xc46c687b8f1176a4, 11640000, 2093
0xdacf06a2b92b1a22, 43390000, 2090
0xb3522987e969030e, 6890000, 2085
0xef912394b41ce8dd, 6590000, 2084
0xb5a1a820d1f8f3f6, 22730000, 2073
0x093281f3ab656a3b, 5570000, 2049
0x254b9f3d90d19e2c, 5530000, 2044
0x27fdacbdb03975f7, 4230000, 2038
0x315787d33f51e1ed, 7, 2015
0xe24313f46fbc4015, 7570000, 2006
0xf5f50f91ffc485f9, 1110000, 2002
0x05b8a25e4df73e20, 15360000, 1998
0x3c947f21a09de568, 5920000, 1991
0x903e554baf71807f, 4850000, 1987
0x9495762e3096c7e8, 6350000, 1986
0x39a561d481c8332d, 5680000, 1983
0xf92e7cf9e0376e40, 0, 1974
0x28acd2df4562b820, 24280000, 1966
0x8088a5b6a1d6ab34, 5030000, 1951
0x2d69d77905ded523, 545, 1948
0x08ac812c805a54f5, 51060, 1945
0x14ab7f5b8fe0b39e, 7760000, 1936
0x6d9ce533aa790c9e, 3090000, 1919
0xfbc3b43676e0150d, 1430000, 1898
0x9b9f891cd893a1b1, 2890000, 1892
0x603749d192f115ed, 2860000, 1879
0x0555a3379b2ea574, 0, 1875
0x40fd2f828f30c6c2, 3220000, 1869
0xc4039f4f32e162a2, 9580000, 1849
0xed6b2d4bf213a52c, 287030, 1839
0x5016cf5880ea6430, 8010000, 1831
0xaa3afa91936114e8, 2, 1821
0xf423b197c5887a41, 23520000, 1817
0x4ae0fed7264b8b24, 6, 1815
0xd81407a6f27ed685, 22830000, 1811
0x69ac9f5aa1164442, 3120000, 1804
0x1176ab1b3a6e1d80, 56810000, 1794
0xf981975f4908cdd7, 9190000, 1784
0xe9132dccfa95a311, 787400, 1778
0xae0154e29a77672e, 31580000, 1776
0x596a06ca10c897d9, 8950000, 1771
0x578ce8761fac4ed2, 2950000, 1762
0x59d12b7aa10893bc, 3830000, 1736
0x7862852ad6794512, 7220000, 1733
0xd34d33e3e71f3a0f, 943320, 1732
0xb42eae6a52781096, 2420000, 1709
0x472314c081e9d23a, 3580000, 1708
0x6a2eecc8d27f5bd5, 545, 1706
0x6879ab432f263d6d, 8570000, 1701
0x118af2b027b83f58, 6000000, 1693
0xf84aed8c945473d7, 7240000, 1693
0x80db2e22340031ad, 1100000, 1692
0x076c483d2ab87ecd, 56840000, 1687
0xa8e7694be2b5f90f, 7790000, 1687
0x1c7a6f0511e88214, 30240000, 1682
0xdb3ef285ac16a33f, 16400000, 1680
0x4c316a5b42f9821d, 144260, 1678
0xdcf43cff5f356965, 14750000, 1662
0x31415926519537f7, 20870000, 1651
0x65b0f6b3c36f334e, 14270000, 1651
0x55962d2997a14f0e, 7560000, 1650
0xe69e8670271db738, 145470, 1650
0x1649d50e678cd6e6, 6110000, 1649
0x3778d0134037b114, 3360000, 1648
0x021e8d5d0eb996d9, 551, 1636
0x2f73a35c9385d3d7, 4840000, 1636
0x8c92ae1a2e1a4beb, 8150000, 1636
0x96aa57f4e6bf8f0a, 6910000, 1636
0x2676d1aad2fdc99d, 1330000, 1632
0x3b09246ae8dc45db, 140790, 1625
0x11adfe44a4dd2af1, 130380, 1599
0x266916eac4973b9f, 147, 1590
0x84816b2c3c8deca5, 32760, 1588
0x7e7eb329c875e780, 8260000, 1586
0x23fe0d0e8901c3cf, 148020, 1584
0x19cb138ec3972253, 4540000, 1576
0x7858e1688a9d7b32, 124120, 1576
0x757bbac0ea093a63, 640170, 1572
0x32c6e03be9f35714, 4430000, 1552
0x5e376d75703dc251, 7670000, 1544
0x5ca3c384a2950c24, 5010000, 1541
0xf8e96e3c84614e33, 1240000, 1534
0x77f64febcdbd11e2, 20360000, 1531
0xca4d7a5531b3a266, 3070000, 1529
0xa5cc5b8b02b5e019, 724770, 1520
0xc8ae7865ea548ff7, 1790000, 1513
0xe8fb1e89698cdcee, 140030, 1511
0x587c9118b764a27f, 8780000, 1504
0x075578de2c3a3578, 166230, 1501
0x36d2b3384860fe9b, 3500, 1499
0x516e4db05235eadc, 54920000, 1486
0x879ad833bd5ae7af, 20110000, 1484
0x7c30ca03dddbe0c2, 9150000, 1476
0xc65ca068c59b0e62, 2720000, 1473
0x03f79deda30e5b5c, 2870000, 1471
0xbca52a1eb0048c9a, 3450000, 1462
0xbe80794a046edad4, 4300000, 1460
0x550e404eba226fd5, 826440, 1448
0x44d7fba80263cc7f, 7740000, 1446
0x89e0fe38f62cf88e, 12810000, 1445
0xbef6ba7488213816, 13260000, 1434
0x485903de5976df62, 9, 1420
0x5790d62ae74690a1, 1690000, 1407
0x51c67001d5eeb6c9, 2520000, 1405
0x89af15a1c2e26c47, 190600, 1405
0x0dbd895b4eeafb3c, 3470000, 1403
0x62d31aef8a476aec, 7220000, 1384
0xa6bda93bb6ef3048, 21330000, 1377
0x90454dd6caa98ff9, 3870000, 1352
0xa076d1eac5ae2ae8, 2460000, 1345
0xb59cdd43662504dd, 12660, 1328
0xfe614787304feadc, 7660000, 1326
0xe2be8bcda743d130, 2140000, 1319
0xc1f5cfd427b910f7, 12210000, 1316
0xdc508ac776853281, 2820000, 1313
0xe6167b7867051925, 4080000, 1310
0x3dec052cf30c9ed1, 2560000, 1294
0x03646a1bc726d371, 328320, 1287
0x683e89faabdcb2f1, 2120000, 1282
0x79ac79060a2bacbc, 13760000, 1281
0x39fca98be651a470, 3270000, 1280
0x7a4c1ee9198cd3c6, 6580000, 1279
0x6a4a3956fd8583ef, 4630000, 1271
0x606e6f0638ec9b8a, 10420000, 1270
0xa60950c7d17e1065, 23760000, 1253
0x8318582d3062be26, 716640, 1252
0xb8d8742c1d24bc65, 505680, 1250
0xaa8b94012bd38579, 3890000, 1243
0xbbebbbf83a06664a, 2280000, 1239
0x19c56be80472a866, 4120000, 1237
0x2c73900f2fdffa35, 28880, 1235
0xc2b8bff5a9508a3e, 1110000, 1234
0x5b9a5633e3262558, 3680000, 1232
0x2dd6fd6a21706fa8, 4200000, 1230
0xb3291d8a86a2dd40, 1220000, 1221
0x74b265968bd27372, 2640000, 1216
0x4044aa4145a64bd9, 961950, 1214
0xfd2a060b2b900f65, 3870000, 1213
0x467063b0c5a6bf6c, 28290000, 1212
0xfd2ce4f1823f5423, 4650000, 1199
0x7ed358ae438dbd26, 3430000, 1196
0xd574cff49c2b2b5c, 2, 1182
0x4ed1c84722b33cba, 4920000, 1178
0x3f123425dbf72737, 68780000, 1176
0xbf7cf03069aa8547, 1, 1171
0x693cb17bc98685c9, 3770000, 1159
0xda23e855cbf4daf2, 6090000, 1156
0x35119f1e68b6aafa, 0, 1151
0x548091baad3203c5, 2, 1145
0xe8107618b8713c02, 64270000, 1145
0xc6c0117e03d50fb6, 1510000, 1144
0xb81c65f41a79b349, 4000000, 1136
0xbd5f6b2502e29ae5, 1290000, 1133
0x297b5acd2fb83ce6, 2570000, 1123
0x5c8751064673dd8c, 6080000, 1111
0xbba384104ef4ffbe, 4140000, 1110
0x5977a2ca23e3aee0, 3210000, 1105
0x0cb60fc084fded05, 24160000, 1099
0xb2d1c4791d408f39, 1710000, 1099
0x2119e61a75571163, 1610000, 1098
0xc6074d5916d575f1, 1580000, 1095
0x0000036841ea399c, 2680000, 1093
0x355986efe5e5782d, 122690, 1086
0x607a7ae669df597d, 6020000, 1080
0x3c81cdc9ddcede6b, 7100000, 1076
0x06e18b1d1aa4d735, 13130000, 1074
0xf8e640378eb4509f, 3190000, 1073
0x6f9ecffc865c8b60, 470880, 1067
0x0000558080e6cf38, 2880000, 1062
0x9dda57fa2b642d33, 2210000, 1061
0xe7234026f831eaf3, 3130000, 1051
0x6f223af7b3096238, 8600000, 1047
0x8ebb7e21d6f001a3, 5200, 1028
0xc22942e1acd17208, 1950000, 1026
0xcf635c0a1523aaf7, 19120000, 1023
0x2cdc5cefbd44a126, 2930000, 1020
0x7c5ec13d1e760bc4, 2630000, 1020
0x61500eeaffd44f36, 0, 1019
0xde1d84fc4c066107, 4910000, 1018
0x74a10b823afbed97, 834560, 1016
0x0a37c1f752cbcd46, 5720000, 1010
0x6ae0fb9f5b5cf4e4, 350720, 1010
0x39896431629906b9, 3650000, 1007
0x8dde7fa51b944e68, 53510000, 1002
0x5cba23f76cec0ea1, 0, 999
0xa6d94729f38b1e8b, 502870, 997
0xc04742e01b655b63, 1060000, 991
0xb7843350db6951b7, 12610000, 990
0xa68e2b86d052d9d8, 6000000, 989
0xc29dd3c53430ef04, 3280000, 989
0xeff96bfcafcd4713, 3, 989
0xbcc34d3c4dae9acc, 5890000, 983
0x7874e696dadf650b, 5430000, 981
0xba67e271245c8acc, 3390000, 977
0xe9a6817c2abfca5a, 6650000, 976
0x2375efb3dbf28ecd, 3380000, 972
0xa9fb2641e0654be3, 0, 971
0xba4d283813004a73, 0, 971
0x828723ad5b8b6f5a, 1360000, 968
0xd28e4ae3c5af8501, 462090, 966
0x4a463cd25cd642d8, 1720000, 964
0x403c276d78704301, 5070000, 962
0xe8e009952ce2fdcd, 2430000, 962
0x786cbd8d2eb603d8, 0, 961
0x4f29af22455bf3f1, 1120000, 954
0xc9d5e4901095b7b1, 0, 953
0x97db278a15537a3e, 27590000, 952
0x22e020d0960e418e, 4920000, 949
0x660f2b819f7898fe, 1910000, 945
0x3626a23569f9a11b, 759560, 944
0xc9d833d3ec1bfa32, 678000, 942
0x214c95e275df9738, 0, 932
0xb61cab02cf011b7f, 0, 929
0xf8b811d66d12cdb7, 622520, 927
0x4fed869aa8a39558, 10370000, 925
0xc3c27acccc2d97f9, 608520, 925
0xa08fe0a801fe966b, 3460000, 920
0xc0c23144b1051442, 2110000, 920
0xa1919957f497b5a9, 231630, 919
0x1e4f8dc9358c7b5e, 280960, 918
0xc9bc139d250df917, 493320, 915
0x01fbe26f7ae4fc32, 6960000, 913
0x4a0354d73173dc78, 27770000, 913
0xc58e3004288ab369, 3400000, 913
0xc48ed34afa9488bd, 527030, 912
0x8db4b0de336de3d9, 20860000, 904
0x8ecc6a94bc273900, 27760000, 902
0xbcfa1854726ae513, 27370000, 902
0x9c691303aa1711eb, 8260000, 900
0x8d2fef46fa216752, 13080000, 894
0x33804cebef8f6a3e, 2850000, 890
0xbd24b3374af0ff16, 435520, 890
0x0a5ad3b4c9ecef47, 5150000, 883
0x72ef065e6d1af3fc, 27560000, 878
0xd27af8f33d326356, 418220, 878
0x7b92c27d945077d1, 2390000, 876
0xcf724985cc720fba, 34160000, 876
0x3199811d48a66749, 342480, 873
0x075a870c8f16a09e, 191320, 868
0xdbda39c83aee5125, 31780000, 867
0x682fd73e257471f3, 2230000, 865
0x08f05bcf58c6535b, 9950000, 857
0x1a90573321a97972, 5030000, 856
0xd6323bbbf83cce69, 4850000, 851
0x80903e03898b371f, 0, 849
0xfc5cd0476e91fd35, 5030000, 846
0x015f52ee22660bc3, 7820000, 841
0x8279008142307400, 2490000, 841
0x8fa45370b65d2794, 2350000, 841
0x6d54378b275c8237, 1200000, 836
0xeda2cbad9a9802de, 2650000, 834
0x4f345190b739abb1, 1160000, 831
0x26d2e14027f10b57, 514670, 822
0xa4dcead63b56f0ab, 595390, 822
0x83202c49567376c2, 7390000, 818
0x9390bd2cf3dbfc69, 1270, 816
0xd68eed68f6a535ef, 1220000, 816
0x5121819eb2848f63, 1010000, 814
0x96d4a78a3c0463c7, 810780, 814
0xed24d89964ba8445, 1050000, 813
0x003da6af214067e7, 313920, 811
0x5bb951ce8f0525d0, 509730, 807
0xe11427a8d45bd8ed, 4020000, 803
0x046139b9c4302ba9, 0, 800
0xa4b576a7fd2364b3, 2720000, 799
0xcba14190f6863431, 76850, 799
0x22ab3954fb343395, 311940, 791
0x6b3d0a262d04ba2e, 2110000, 791
0x9d520aa13a7b40d7, 2910000, 790
0xd65467e9e65a288f, 4520000, 790
0xea90b56d1aaff9df, 2230000, 790
0x478bc209763f72a2, 170950, 783
0x2a46b8dbbd76297a, 2490000, 782
0xcb0e9727b96c668c, 2230000, 782
0x0eed381008665cb0, 0, 779
0x4d470d315a80ccd7, 2760000, 779
0xb2f23eb93eeb7264, 1270000, 778
0x93e512ad949ba3ed, 0, 777
0xc7013e0a42b4c4b3, 4290000, 777
0xc91e836428acaa83, 423860, 777
0xc77e03da2a579962, 1460000, 772
0x291173f4ef46beb4, 1990000, 770
0x83ed61f549ba87ac, 1440000, 765
0x9429e7fed84ccf54, 1670000, 761
0xad3b67e05f1ce137, 1580000, 761
0x1dc1e011d4cfda7c, 131830, 755
0xca39332405a4ddf7, 3260000, 754
0x138031b88fd1f834, 969530, 753
0xadef0d0f2f89cfab, 3320000, 753
0xb6bbf5a78cd74487, 1450000, 750
0x552d7f6545132da8, 10350000, 749
0x281f1aa1810f28ee, 3950000, 747
0xb31af8dcc46f5cc9, 2160000, 746
0x5d0487763b691f99, 0, 744
0xd5a7362fda53abd8, 1020000, 743
0xfcedaf1827a71b94, 5170000, 743
0x2656fab6fe35b6be, 961060, 741
0xf1263e0857416d62, 2690000, 738
0xf2930e89ac626643, 0, 738
0xca7b80cf5da78c8d, 5130000, 734
0xb05eeffa57296608, 0, 731
0x90dd0a60110a01b2, 295340, 729
0x5be57ce636aa118c, 713580, 728
0x9e85e1a765974917, 2530000, 728
0x46179fe132746cc6, 0, 724
0xa7b2a175f527c386, 455500, 723
0x05e11c248c22be2a, 551130, 722
0x72af8398ad939676, 1870000, 722
0x7fe4d9c4fda46461, 3290000, 722
0x46ebbc0d0abbcaba, 2070000, 720
0x182acedf8bc0a61d, 3, 715
0xf0e3c8d4e1ffc537, 284520, 708
0x09340f1242e930b0, 5810000, 707
0xbed7baefbc400b38, 2450000, 706
0xd53f25f84f6a5e3a, 3070000, 706
0x159b8d33e390c0b6, 36980000, 704
0x5dd01c89f0a27d24, 0, 703
0x96449f37a1c186b0, 1570000, 700
0x45faad3e61a5a9be, 1270000, 698
0x943fde2e23bc7707, 1010000, 697
0x98a12447ff71a0ac, 1040000, 691
0x126ee750cbc87e85, 1120000, 688
0x940d68932afd2119, 1360000, 687
0x6c6b50bb95567906, 0, 680
0xe7cc5ccef10e9218, 720160, 676
0x0cd6076ee04b11ac, 0, 675
0x074c396a78edeac1, 925150, 674
0x78149b89ea6c9a0a, 2410000, 670
0x4dbdfb6847d35852, 144000, 663
0x878b802d91325bdd, 198430, 662
0xab93ac9fc7f2d20b, 1090000, 660
0x91d03073de22d803, 3240000, 659
0x3805681d8d96d0b2, 164050, 653
0xdaf97e5c3fc6dc5f, 49710000, 653
0x7562383986ded5de, 0, 652
0x7ea4b5bf9d3a6d70, 0, 652
0x43ef09caeda899b2, 956160, 650
0x43d6ae96c6634970, 107, 645
0x383b79518f2d7d2f, 3360000, 642
0x4351216c2e49aab9, 3680000, 642
0x28eb94eab3c7af36, 0, 640
0x9b922e2f2d9e8fbe, 10040000, 640
0x61fe899eb934ad97, 0, 638
0x159bd971b425202b, 2030000, 636
0x335c5a3196631bc5, 6000000, 636
0xae8f552c7b36a1f2, 545, 636
0x2a05c534e0b5e378, 62860, 634
0xcd0b7a6e70deebdd, 3000000, 630
0xcab70187c9babbcc, 0, 627
0xea7cdd89ced8be3a, 2700000, 627
0xdb49cc2d79427716, 4480000, 626
0x40c5a505ebb29210, 519690, 625
0x0a744b89d64a8125, 1990000, 622
0x0915c359cd29767d, 2480000, 621
0xc95db1304b41b515, 6460000, 621
0x29df062524a561a5, 1180000, 618
0xa59e2c841d3b65a9, 7880000, 615
0x7da52b94cc6ddcf5, 8360000, 614
0x675ed63f3a322f3c, 3000000, 607
0x24bfb6272aff3216, 13340000, 606
0x1f7f6c5b177fd66e, 3210000, 604
0x9af540f1d5fdd2c4, 3110000, 602
0x764bcdf4cb436e87, 246230, 598
0xf3dea3f6b5416681, 1180000, 598
0x901c5c320f4eda9c, 739990, 594
0x4f3410f078e534bb, 10190, 589
0x7d59eb0800b69422, 1840000, 589
0x7f95f046e504dd6a, 26830000, 589
0x96553a433872f03c, 1610000, 588
0x0836ac65d4a89b0b, 22540000, 586
0xf66a36de6d8c12dc, 899500, 586
0xbc83d31fb8e3fa61, 5280000, 585
0xbf6a228abae1cbfb, 369490, 582
0x91991d9251d75d15, 1760000, 579
0x976df2d8fcd083d3, 58150000, 579
0x2397e901f9627dcf, 1270000, 577
0xa3ee9595b977b56b, 2090000, 577
0x757195820b62bed6, 36300000, 576
0xa6d3691e940a7639, 1160000, 576
0x5e35823f70093083, 104560, 573
0x7c81fb496e0a861e, 504570, 573
0x37a4728a093f3e4b, 5430000, 571
0x663317cbb4067d15, 3740000, 571
0xa7c31f2702acd386, 71540, 571
0x827c7aa344c8adc0, 2790000, 570
0x9c61204453fb923b, 1020000, 567
0xb6063f0fa0ce1b80, 2730000, 566
0x3d32cae0dc902d9f, 3230000, 563
0x0960deead9b1dc2e, 1030000, 556
0xd0fb74f00fe36604, 5260000, 556
0x7bb1b0b21cf560a0, 1360000, 554
0x3df201c9656f3ef6, 1560000, 550
0xe8156034bb48f950, 1880000, 550
0x78ce8b688433a9a0, 2100000, 545
0x7f87068a1ad26ebf, 11100000, 545
0xd4b296f555b885ae, 5840000, 545
0x5f7ad5f795502bba, 58610, 544
0x86d56db6634f655a, 1430000, 531
0x96cd4a3aab2ab3e1, 4080000, 529
0xe459e81652679687, 15530, 529
0x9072226196e6e907, 278760, 528
0xd505cad0b2fc031b, 3200000, 528
0x099d512b1f539fba, 1610000, 525
0xdc31fffa37efd721, 1270000, 524
0x9db8121400277cfb, 2540000, 522
0xf0a112d10876f962, 26370, 520
0x09fa1d31d58603ed, 146160, 519
0xbf9fe738bcf405d4, 3160000, 516
0x68edf81e709f3a22, 1670000, 515
0x9c3bcf9dc29bcdc0, 2150000, 512
0x6ee64bb82ae69ff1, 5200000, 509
0x3ebd06297fb7f9cb, 0, 508
0xf9affe54950b63b4, 205080, 508
0xfbf5222164412cbb, 86790, 508
0x59ebe72ad254707f, 4510000, 506
0x34a89f77d418ec40, 713180, 505
0xe78434643361de8e, 815710, 505
0x68d8505a0fe3b659, 2490000, 502
0xabcd27d50893a810, 545720, 501
0x9fa14b0439a6a2f1, 4080000, 499
0x465facf030bcbcc4, 0, 496
0xe6d3f91ecdee6ff1, 1090000, 495
0xf9f646eb6557b922, 1270000, 494
0x68854865e3071893, 1540000, 493
0x85a050380c750eaa, 1310000, 492
0x141f45ef69dee753, 13780000, 487
0x80cea87835ed09ab, 0, 487
0x4013a7d0b324a982, 1110000, 483
0x1af3ab317c361f54, 5330, 481
0xb25395820389273c, 859160, 476
0x21cb022b7d7466fd, 1170000, 474
0x75f7b7de98db01da, 4340000, 472
0x2ee95f389a313902, 4820000, 471
0x1990682dbd7817a6, 5670000, 469
0x47bd4f01cc8e122b, 14530, 468
0x4194112b840dbb4a, 618140, 466
0xa69c888ffc01098d, 1160000, 463
0xb57475ec1541230b, 1270000, 463
0x0505da3dcf727fef, 812360, 461
0xfeaf6e418b73bf06, 77520, 460
0xc3cd2527137738c0, 3380000, 459
0x3baad107d07f446e, 0, 454
0x888149597d845472, 698370, 454
0xad7672d535b07219, 530160, 454
0x223bb62911b8f119, 0, 453
0xc45ff02e02c1ff34, 10040000, 451
0xffffb02a463d553d, 265340, 451
0x18109d01c0ceee0e, 1180000, 447
0xf8cac6613c559516, 283210, 445
0x59db640a96b69c59, 418730, 441
0x9504d37abbe7119a, 8030000, 439
0xbe45db06e436cc61, 3920000, 439
0x6bd9b292ac71f6bf, 283690, 436
0xc95617e78ee17215, 580850, 435
0x948e7da7c0a52ef6, 2990000, 434
0x932a460e38058590, 2160000, 432
0xa8cdbf3caa11aa82, 1950000, 432
0x440781cbe06e37ef, 1380000, 429
0x550f5dc9a26540d3, 748300, 429
0xca97f5392a4a39e0, 1340000, 426
0x6b5179ae594924db, 227760, 422
0x0084f4fed549e551, 534360, 418
0x4c419cdf2c891dd5, 185710, 417
0x9dcb2a035c7879d0, 586260, 417
0xde7f2140cf87f6f9, 87320, 413
0x28c5a664878dd8bc, 2200000, 411
0xa50d1fd3add3a98b, 576100, 410
0xff5eb7a2017ad723, 870300, 406
0x57779a2c75e65d12, 81960, 402
0x3866bed6d727c78c, 2110000, 398
0xef5962c7c33ed7a5, 29680, 396
0xf1ae552baa33f6bc, 1570000, 393
0x5370e2504491a001, 2040000, 390
0x57147265373a4130, 513850, 390
0xc18f395d40e9f881, 0, 389
0xb67b0635282d4b97, 123200, 388
0x76ce5348f337fc1c, 129210, 384
0x2a8294ad4c1dc030, 24170000, 383
0xe8781650603ca926, 4860000, 382
0x2d790b2a739d91a0, 389720, 381
0xfc0ef4188b4f2c1d, 318250, 381
0xfd9f7e46453abac6, 724210, 380
0xda50099e22999d1d, 2540000, 377
0x1995ead00d8e6730, 32200, 373
0xad91e2a603f9d61e, 385840, 372
0xfec571598bd60790, 2270000, 371
0x16eec60b22aa616c, 6510000, 369
0x48c4f6c237babcaf, 3140000, 365
0xe1ca526f8c5faa7f, 1240000, 363
0x9d217694eab027c1, 928170, 361
0x53195c6862f3bef5, 136150, 360
0x2671702fd4a91e65, 1580, 358
0xd6262a1893df09fd, 356450, 358
0xb6300321c0b71d8a, 1830000, 357
0x0e7a4cec2fb62061, 2810000, 356
0x88eb9f2d43969202, 5360000, 352
0xa1fa83855b0bc964, 769720, 351
0x19ffb80d10065b53, 2540000, 350
0x288bdc78fcbe0f33, 45580, 350
0x8b841775bffec9e0, 101950, 349
0x0abed0bddc6ff8a1, 358820, 346
0x8be06c73686b1658, 3170, 346
0x4ec969524c0e2d77, 397, 344
0x8ba1172486a14bb3, 4570000, 343
0x00000a1e65cf0051, 699440, 340
0x835836befad5c39c, 2100000, 336
0x41996c3e6678b543, 5860000, 335
0x4159a9cce08948c9, 144020, 334
0xc406bea00264d5f4, 832470, 334
0x9addc1ee33d6993e, 1280000, 333
0xcad260818303b38b, 4410000, 333
0x11049c12bf2a6f44, 1550000, 329
0xc495cbbc3dd9ad59, 38460, 329
0x9d1efdf45ed14b8f, 1200000, 326
0x31cb08489ad46a14, 56880, 325
0xbbc236d1e838c765, 409290, 324
0x7d479a2f12b73670, 781870, 322
0xe2e256606963e703, 256510, 322
0x71499ef75abbd58b, 3250000, 321
0x5059d31b8994a598, 276030, 320
0xa25630273e01e819, 3090000, 320
0x3bd399656dfc922c, 3530000, 319
0x4e46972ffca43660, 604770, 317
0x780623d7a735ad61, 122450, 317
0x38d44f2bfe236974, 3770000, 316
0x30b950b384a265ac, 3760000, 313
0x8253f8a95a09a335, 1100000, 313
0x9e111a78dad31d6c, 2260000, 313
0x7c5fd844b4d15e27, 1710000, 312
0x524591b992b1c16a, 386760, 311
0x627f8da9a67686b5, 1500000, 310
0x7222620aefc07de6, 11480, 309
0x213ccec039ef0638, 520410, 308
0x81ab938d7e55efeb, 417200, 308
0x829d0b50b0ebb649, 419210, 306
0x50de79c68f22e353, 407780, 304
0xbf082b249dcef87a, 306360, 303
0x381ad61d384f9a21, 749790, 302
0x96cf088eda53a537, 177860, 302
0x6cabf383a007450c, 548210, 300
0xda7659a54434368f, 4030, 299
0xe602442eaee369f8, 11850, 299
0x9075ebe1d61805a7, 350260, 298
0xe778b14f42f6dd90, 93150, 296
0x3c870eb58150d55f, 1370000, 294
0x822ee46ad1868483, 287310, 294
0xbcfd7fb851f3e215, 313550, 294
0xc5c4363779eafd63, 2130000, 294
0x66b6d414950d87f2, 16060, 293
0xcc49ee3c0cfd94a7, 28100, 292
0x3ed1b0226743006e, 461720, 291
0x4d911c0c3c6dac61, 2310000, 291
0xcc35edb33d952ee3, 1170000, 291
0x6e244c625074bdba, 461950, 287
0x39543229e1200ee5, 520300, 286
0xb4122e4d1b883e6e, 371260, 286
0xaa3d1049c1602164, 165160, 284
0x5cff121b2467fab9, 237600, 283
0x4288f978f84ece8e, 5010000, 281
0x0d549d59b8709da4, 933480, 280
0xaee1cc55d6ce827d, 29440, 279
0x3fac5e01b7f6ec63, 2340, 277
0xdc6f409d487532b8, 1330000, 277
0x0dda2d42d6813021, 76360, 274
0x58475ab211ce193f, 236510, 274
0xc040171582363ace, 1390000, 274
0x36e67ea3e80f51ac, 10250, 273
0xe0079c262d624c50, 2970000, 272
0x0c075533771860b3, 6650000, 271
0x2fce76da8dc1f10e, 61020, 271
0xb5b762b62dee5b39, 634700, 270
0x000007aad3472419, 118630, 269
0x65a68372a56b857e, 939670, 268
0xbe107877040909e4, 123050, 267
0xcd4e55445d33a97b, 22940, 266
0x9e2e33c5a298dc28, 947080, 265
0x033c7a00468c2d39, 527720, 264
0x061ae3f2bb6b72f0, 6290, 264
0x8f302d7b85c536bf, 2760, 262
0x0000066c98986e40, 394750, 261
0x985b0d99b15fac1c, 350, 261
0xae3bc5a73a2d0c8e, 538280, 261
0x02a3682f5a8db3ea, 5370, 259
0x4096020570df5125, 2120000, 259
0x00000722bbfb1ad4, 27880, 257
0x887caa7f79f3bb63, 263320, 257
0xac4c79de77bf3816, 375510, 256
0x97499944b912671b, 1440000, 255
0x144b0b64097d235f, 381110, 254
0x2a999d0665b0705d, 862, 254
0x5e7ff9708b2f8d07, 48650, 253
0xb45c1860bae52f39, 78240, 253
0x2f17551e7b0ea8fc, 1200000, 252
0x4413cf61ef9bb37b, 12980, 252
0x74e1795d55154129, 11060, 250
0x6381c4d524ab91e4, 1330000, 249
0x6b97796cbd9eae28, 290480, 249
0xbfb3964f73db764c, 1180000, 248
0xf218d7c5b06d88b1, 680390, 248
0x1d203e7d4f1d2acf, 1130000, 243
0xa2a7050e18acacd8, 827420, 242
0x822edf0f7d92d463, 1620000, 239
0x97aaa4627cd60602, 1550000, 237
0x991a64a6a6b4fef8, 1610, 236
0xbb788f2bc818a8b4, 2240, 235
0x28e52e919e666993, 1450000, 232
0x3d99a96fc7258a3f, 680, 232
0x08dd84d2e60f18b0, 1660000, 231
0x2776a77397dbcdd0, 38490, 231
0xa932273aeefab600, 538, 231
0xe3f8a83cda9cdce2, 951700, 231
0x614bb865e7a6db71, 327190, 230
0x70ab9e73ae3c5d81, 629420, 229
0x7cdddc50a4227a78, 78000, 226
0x5b6f4d37c1b89a27, 128290, 225
0xed6a2fb4746dad19, 814380, 225
0x6e67b4855901e2df, 897110, 223
0x505c13df5b0b9aa9, 990490, 222
0x607acd33f168c80c, 0, 222
0xf11fc716e533811c, 389620, 222
0x596371ee350799ca, 67630, 220
0x67df7fa6103e078a, 386810, 220
0xa29435b38236c3a3, 6280000, 220
0xade06ea8d0e73997, 85480, 220
0xbb224ee713503953, 199270, 219
0x4929dea6d15ec1b8, 42720, 218
0xaef7d568a8d5a66f, 255700, 217
0xdcee476c005322ac, 103840, 216
0xfddc28120a04fab5, 5910, 215
0xab8ab9d5c99093e1, 547090, 213
0xa2665c9e4cf624f9, 145330, 212
0x123be4e055b2bea3, 673770, 210
0xfd6049e60bc649de, 2300000, 210
0xde18050a27e223b3, 2130000, 209
0x22204716f6efe1eb, 1630000, 207
0x6b48ee35aad92e46, 1200000, 207
0x91e34a10403cfe6e, 1380000, 207
0x20fa3ee16238ddab, 5310000, 206
0x4b0a9386e1c72e9d, 1120000, 205
0x715428fca9bea08a, 3, 204
0xe29b14713b7ed181, 56400, 201
0x2dabd15ed75a5d36, 2230000, 200
0xa5612b0d3db7aacc, 266400, 199
0x12b5c6db4a8d3c80, 17, 197
0x401feba782a92b5d, 2260000, 196
0x88afe2e0812faf79, 30900, 194
0xd93d0cb0cd398f76, 261010, 194
0x0a156f7ce2c5e47f, 1010, 193
0x3a090301fbbce9ce, 3880000, 191
0xb42ea1076750f83d, 289790, 189
0xd154d300a01f47bc, 1090000, 188
0x8264de3c815f9ed8, 1520000, 187
0xbbd852e72223e606, 1210000, 187
0xa2c9552443efde27, 615790, 186
0x383dd3488b772ffd, 711590, 184
0x4ccfb48005da14a9, 151830, 183
0xa4b95b2cfcbf5c87, 852750, 181
0xb5c8c50a5eaac7b7, 926390, 181
0x29889ecc5058bfe8, 238970, 180
0x6a37c771dc92c633, 413610, 179
0x09d4cd8327596297, 1180000, 178
0x42aebb6b4df1bc57, 340, 177
0x443e35eb3a3994ab, 156250, 177
0x0dfc460ee6cf7033, 1800000, 176
0x6bc59f7fcd08ca85, 64130, 176
0x6ab1fd13ba3572e9, 13570, 174
0x3ff5f61829e7bbc0, 582160, 173
0xbd0b57d2ac108c21, 3760000, 172
0x28e31e8909e3307f, 30650, 171
0x4af5266dac05a80d, 1180000, 171
0x996affa428fde3c7, 1090000, 171
0x016ceeeb9abf77b0, 510860, 170
0x3fe5cbdde7074788, 720670, 168
0xce8720c3ec1f661c, 256350, 167
0x0363772def0fb8da, 66, 165
0x0ca929e619a17882, 5040000, 165
0x1be0613e24d50869, 245640, 165
0x60244940ffd101ed, 925620, 164
0x8ee464461ac6bc38, 648270, 163
0xacfdedec2d2d0e1d, 4450000, 162
0xf2132a2db60999e0, 651720, 162
0x387c1f51719a8c9f, 980770, 161
0xc5d3657aeab75806, 2540000, 160
0xafc65ca69391b706, 108850, 159
0x0fd17893215a515b, 10610000, 158
0x9bb1c8f7afbfc2bb, 814730, 157
0x59a5636fcaa10f05, 364210, 156
0x70e483a52b20b350, 192650, 148
0x5254329966a7a563, 551270, 147
0x646cfa95f1a2473d, 542280, 147
0xcace075344b211de, 45850, 147
0x716ed335e49a255c, 733870, 146
0xcc1b1c03394198a0, 1050000, 146
0x5cf6dd740686c13a, 392110, 144
0xea2da55983a67d6e, 7710, 144
0x4bafc2b9d9b0f421, 1060000, 143
0xe94c464e60fa2758, 410710, 143
0xbda87c91604145a0, 0, 141
0x007824d2c3fe5382, 264320, 139
0x3d8103dd1dd814ce, 3880000, 138
0xe7354b3d6ae80f58, 7540000, 138
0x0ce16f302307f943, 21010, 137
0x6333007f51341231, 810820, 137
0x5d1f0fabc6b15746, 514800, 135
0xef36ad9820f87f4d, 3340, 135
0x5ea7e192b856a7aa, 11180000, 132
0xc9972c7a7a065951, 5880000, 132
0xd6921660a52a5c45, 1, 132
0x227b824d2d22ae90, 233770, 131
0x58e4c10ae3fcf1ee, 118710, 131
0x511209227bff6aca, 10210, 130
0x81a54071e4df10b4, 116690, 130
0x8fcb734a2d2a6b66, 1070000, 130
0x25fd6831f66f2d20, 0, 129
0x1408010d2630024c, 595340, 128
0xd61ab01260db9b22, 1590000, 128
0x12d4d2f7fc0bff8f, 437520, 125
0xd39231fd09912c9b, 22800, 125
0x79e9c0bcb6e5c827, 495360, 124
0x3c790052b0cb39cd, 1180, 123
0x402d40885a625bb3, 257700, 123
0x00a6461dd33f007e, 530360, 122
0x6f5a984e3d7609e1, 28770, 121
0x12b719fb9a599083, 565910, 119
0x0e95ebdf591227cd, 157400, 118
0x5db269ad334d4fc3, 270550, 118
0x9fa9b5b216572746, 1090000, 118
0xff6c696fcce7acf5, 1070000, 118
0xa84d7b464f53cb9e, 21390, 117
0xad35f18c294b0db0, 165430, 117
0xb8d2cf0adeecfc1f, 67390, 116
0x889a3be6aaa67c40, 183490, 115
0xe443a144b69563a6, 21280, 115
0x2c46dc5ec26a8599, 2700000, 114
0x43276d853793b950, 949180, 114
0x9423f559f44245b2, 0, 114
0xaa687b2689ad38c2, 107530, 114
0xedca900e3f133bf4, 642850, 114
0x239cb67b9076d7f6, 1070000, 113
0x41ddaaf283d418e1, 56970, 113
0x9a60391a8880c7d1, 5950, 113
0xa8767e82a7c552f5, 75070, 112
0x28affa3c062f0c38, 283390, 111
0x9539696edbf31766, 11740, 111
0xcff42cd3b569dfa2, 36820, 110
0x76992ac7c4019361, 231350, 109
0xe07b50f63fa9a69d, 1530000, 109
0x00c3598b9c08bec6, 643820, 108
0x22531954165dbee9, 164170, 107
0x7044351b4bd1fcad, 1730, 107
0x38c2ea35296b160c, 409730, 106
0x7f8096e54ff6a3cb, 344750, 106
0x608ab3031a781c6b, 43370, 105
0xb52214d578316be6, 42050, 104
0x2873902b90114e13, 1040000, 103
0x7c9bed86cbee5fa6, 138730, 102
0x9d2df92de2a1009e, 392550, 101
0xaa6dd7ae502d5056, 4550, 101
0xd7def8bc62ad0ab3, 4940, 100
0x20c980d5d94f31c6, 13120, 98
0x45e00d4cebfff2cf, 1160, 98
0xd0a506b30deaeb3e, 116, 97
0x48cfc42a9459e703, 831440, 96
0x7344422b3d888204, 1300000, 96
0xd291a7ebb7b39932, 119860, 95
0x54da9f3ae9effb0c, 500550, 94
0x33502e7d4dff0bd5, 398550, 93
0x4647f86d87febdf7, 637670, 93
0xf25197cbd499e140, 51890, 93
0x72bbf08161e9036f, 520960, 92
0xc840d2205bdb60ed, 469620, 92
0xd6095a71f877ca51, 218720, 92
0x144b21b3de8fc535, 118440, 91
0xd7819b67272f93a1, 2990000, 91
0x19404941b0dd0083, 60920, 90
0x0bdc3be109886e58, 860070, 89
0x5cc9b2310277e9fd, 624950, 89
0x9aa5e16d2046e7b4, 123930, 89
0xb9d331d5a3ea42c6, 640180, 89
0x782310d633e0dde6, 327700, 88
0x86d2ee5119745b65, 526830, 88
0xc37dc29382f0e22f, 41230, 87
0x5f6ea522f38b86a2, 328490, 86
0x62dae2e73df389fd, 2420000, 86
0xe34717fc359aa0fd, 495200, 85
0x0f2a5e0d146b9aff, 51620, 84
0x7d49f748034d7d9d, 140160, 84
0xb8eaba7503103559, 88850, 84
0x452cf4da7a88e4d1, 14620, 83
0x5308082c4b757f53, 396430, 83
0x505e0584afbc4e92, 11830000, 82
0x7182292d2c8280ad, 225100, 82
0x74e98daf4990d1b8, 265510, 81
0x6108a6942561a198, 895150, 80
0xb96437a4d751c6e2, 448100, 80
0x82d9c37bb8351555, 303550, 78
0x9b570b7f93f4e928, 2070, 78
0xadfd8912eea59807, 37, 78
0xce9f1928d4781814, 3140, 78
0xd08ca08fe6fe94c2, 10750, 78
0x0b20cb8881ea9a49, 12060, 77
0x302f38b9224c2b28, 200010, 76
0x20a29982ef9ddeeb, 233810, 75
0x20c00ebe893b6227, 276800, 74
0x359f35c56cea5448, 307530, 74
0x179553182015550c, 620470, 73
0x3dc2b58f32937e9d, 774050, 73
0xc5cd2056146e6a31, 2340, 73
0xd395b843dd8c5138, 2580, 73
0xfa55c56de78db7d2, 2100000, 73
0x765c4434701b5be7, 243410, 72
0xa24d6581cc55e68a, 677430, 72
0xb28891f9d2021037, 257920, 72
0xef603340043dc64e, 500, 71
0xf6c74a5518a74d15, 468910, 71
0x49a7d7cf3c36a1b7, 328560, 70
0x6d975181bb64053b, 511080, 70
0xf7811118104bf049, 379910, 70
0x14eae9dae35594ea, 170510, 69
0x1e9a280b9beed138, 4940, 68
0x3ef2fd24631b07a2, 164690, 68
0xf9188d726227ce30, 542910, 68
0x80f9a25ef763b6cd, 184030, 67
0x256a9b64a6ab3b7a, 26560, 66
0x3adfc2b17e4b169b, 1220000, 65
0x40efc97d499dd785, 189420, 65
0x4a57fbcf58002c67, 11860, 65
0xde2b7a0644e164f9, 13050, 65
0x65c525e00f8faead, 487320, 64
0x8653140a8f710fb5, 62850, 64
0xba98b30a2900664c, 460800, 64
0xc726c9da414f323f, 14780000, 63
0x52475f283d5fe851, 287320, 62
0x7cd5101369c78d41, 252370, 62
0x7d6ff70ebac7181a, 2180000, 62
0xcfd828d82ecc7d00, 915320, 62
0x106c0fe026ecdea7, 152780, 61
0x4a8befe841c4e1f9, 220230, 61
0x85896fc4f3813b1e, 94150, 61
0xff10619d635608c5, 801330, 61
0x559a8f3715900f4a, 190300, 60
0x8c35ca0abb2145ce, 272150, 60
0x8833a2637675e2af, 426040, 58
0x266601f5d41d4ecb, 8980, 57
0xa79f362a3d41abeb, 15650, 57
0xe89c45c8847edcd3, 726870, 57
0xd397ad89582718f1, 308840, 56
0x424fdaea442baaa0, 4470000, 55
0x4b4e09f144d2b080, 332260, 55
0x9d08bca078cf8289, 174770, 55
0xae179bd68ef8b839, 70690, 55
0xb75a658692e421b1, 281380, 55
0x56a223c03198ee2f, 599250, 54
0x6c1c1fc2a4d2431e, 423440, 54
0xaf64252f73b949bd, 1590000, 54
0xb2b123d16165678d, 2130000, 54
0xdc5dddfad531d174, 122680, 54
0xe45aa054bea8b1a6, 520660, 54
0xf9c2cef73b4085c3, 352220, 54
0x211b3efb15f9b6e1, 100, 53
0x3621f123a81bab6a, 976460, 53
0xad54e70c1eee53ad, 752930, 53
0xcfb6ee1dc3b9a2ed, 215100, 53
0xe80753d696a93b5e, 23330, 53
0x937569759232203d, 1360000, 52
0x9a9e68c0cd41dc31, 17010, 52
0xa79aedbf974efe32, 296830, 52
0xb1962b323dfddd09, 360460, 52
0x040d79b0d85f9393, 310480, 51
0x07c3280a59e7252d, 393610, 51
0x359d3f8e3ac314ab, 18780000, 51
0x74c63446e3152d6c, 2670000, 51
0x8fb1ce80f9a00805, 254910, 51
0xd7dc04875267689f, 175210, 51
0x2b2b240416b6e3bb, 1710000, 49
0x4ebf3e1890f1b618, 81070, 49
0xb046bd7e9fc98169, 527300, 49
0xf3a168b93ad1bed7, 397710, 49
0x3b773c433f09fa5b, 5420, 48
0x6083db09272f9632, 159050, 48
0x8b7a0faa2fa66c6b, 1510000, 48
0x8b964766dfc58bff, 327480, 47
0xb19f2d9456694cae, 2010000, 47
0xbbe49b1190e251ca, 121280, 47
0x4fde86a7a17bc6f8, 136260, 46
0x5693aa7e52108347, 475560, 46
0x627a4ecadecef71c, 116230, 46
0x6b6f9e81fb188951, 478710, 46
0x6d043d89f3458443, 2130, 46
0x796cf5f9ac917e2f, 528690, 46
0xea1c4a75585d8073, 2760000, 46
0x1629f7b5f063e9c9, 245290, 45
0x1ae6ca3269bf583a, 1490000, 45
0xb36f71c3f4a3d6ed, 128500, 45
0xc72f8755f210748d, 349970, 44
0xea929fa920eff3e2, 604480, 44
0xff74e900a920cbff, 1, 44
0xffd23ba55395cbdf, 26020, 44
0x06be20d0f58a67d9, 310010, 43
0x0725ac07ff2cc3fe, 268700, 43
0x09c932d2d51c5151, 736960, 43
0x8952900db5056063, 77000, 43
0xa3acf7487a8f0383, 177790, 43
0xd8cc8d41e64ccc21, 293850, 43
0x3949021bfe4b4d0d, 3930, 42
0xb3e0db9bfad1b35d, 915, 42
0xe04defbcf091b73a, 535700, 42
0xbb32c21c69fefcd6, 756680, 41
0x3e0da05e5cde0eb5, 78670, 40
0x3e14044e7b7095f3, 348160, 40
0x5df46b9737203b62, 187390, 40
0xb278f51ffef02243, 169900, 40
0x6cd6850100369306, 485500, 39
0x7138a8f600057e68, 279400, 39
0x9567685df9f884ed, 58740, 39
0x2d8a81b88ce6337c, 1110000, 38
0x33122c7e5209a7c7, 318430, 38
0x79219df8f55291b3, 8780, 38
0xc44e34fbe53c4abc, 35440, 38
0x254844149daf0a7a, 510950, 37
0x2f57508933ca7aff, 125760, 37
0x73e07624fd0305f1, 2930000, 37
0xbb51f6368bbc8b4b, 1120, 37
0xc320202c46f850f8, 506500, 37
0x029378e353049499, 713730, 36
0x79b7b99773c1daf2, 307350, 36
0x7e0bf8d904562895, 221230, 36
0x99948f3437398380, 1040000, 36
0xd35efae28bc3d74c, 1770, 36
0x2b5ac507d8ac8aa7, 22230, 35
0x22c8e8d74c2d5954, 466020, 34
0xab60e74db3e1477b, 648210, 34
0x60689cb29778dbf6, 1700000, 33
0x732edacd87f1fb11, 44970, 33
0x120440ea02098891, 22840, 32
0x1ae768c8fa762b0c, 86570, 32
0x23f62d1395826896, 36760, 32
0x5d62692cd7b2725d, 475090, 32
0x0ac4b2cb0cc1d2fd, 596050, 31
0x9262a1f1173b2c02, 613790, 31
0x97919ac6bddfdb7a, 190950, 31
0x9b9ad921a8edc748, 159100, 31
0xca6475b795ac14ad, 32, 31
0x075eb57f82655047, 428130, 30
0x0ce3abe4d81ded71, 1680000, 30
0x2d7f70b6693cc4bb, 138490, 30
0x7065a5dd79656910, 6240, 30
0x111fb41d5f570156, 267330, 29
0x27014c58950ae478, 274130, 29
0x8e8af8ed4107c5c0, 158290, 29
0xf510658b87ba620f, 2070, 29
0xa49bc4fea6b2e652, 1120, 28
0xb163df2f96715c75, 306, 28
0xfa8b9674d99bf73d, 9530, 28
0x0df0f6e535f3f2b1, 109560, 27
0x5fab8b0355648b4c, 522310, 27
0x610a0c8de7d68bc6, 1790000, 27
0x665872ec7277eb96, 143880, 27
0x87b28f814a0ff918, 67410, 27
0x992fa96016d8f564, 163290, 27
0xa39c252e55b09a0d, 103170, 27
0xa47f7080856260cf, 59330, 27
0xf04fd2e69e6a540f, 66050, 27
0xf4ebee07ad75d55e, 278000, 27
0x09ae473aae735860, 68520, 26
0x3b24f55af38b1f39, 209480, 26
0x5b562defae23839e, 107530, 26
0x84672510e33e3cc2, 416830, 26
0xbd5e6901f4e4a1ca, 482700, 26
0x34fa6e42faab624d, 533990, 25
0x4687b88770bb8e34, 83740, 25
0x95297dd1c93b7225, 1530000, 25
0xa86b685a256c5c62, 5120, 25
0xcf0f698e0c60052f, 7860, 25
0xd71613e6ba506c70, 150680, 25
0xef5d6dd9cfcae2be, 437990, 25
0x14256744fc3d755d, 6710, 24
0x23e14639cc4cc6c9, 195500, 24
0x4e23b3dd438d94a5, 5, 24
0x5808e871891db16c, 173790, 24
0x5cd18b5b795e23c9, 1, 24
0x729bc73fcaf9d3cb, 132500, 24
0x9021035bf24f71a1, 601380, 24
0x6b6164af8b7e6bfb, 2670, 23
0x9a19ef65b4f9a88e, 124470, 23
0x9f3585697ba52354, 33720, 23
0xa803d6a50670d618, 199190, 23
0xd007e68aab1e0ed7, 732230, 23
0xd1a8987cc9daa418, 86230, 23
0x33e79c08c191a60a, 239300, 22
0x3ded5ed8a132f890, 9, 22
0x707cc05a972cea17, 40410, 22
0x7630ccde76448c2d, 121350, 22
0xe8cd531f4aebfacb, 103790, 22
0x644621c95f49b97d, 108870, 21
0x666768d56802c72b, 167760, 21
0xe356539d57c242d5, 113940, 21
0x07c399aa27a5a44d, 10210, 20
0x0abbd36b66c34a5f, 26130, 20
0x13375a4a6315abc7, 101850, 20
0x44e6e224c0617dad, 3520000, 20
0x4c42b9e55d3b36f9, 2090, 20
0x50c7c93f82211e35, 100, 20
0x8b315cd99c6afdb9, 29780, 20
0xcd89cbb65ec7c3e1, 183780, 20
0xf7bc663549d61b51, 201980, 20
0x2cd4397d026ed020, 3180, 19
0x576bb31cdf6603a6, 18140, 19
0x5f4871564794e7b8, 10290, 19
0x6ce022160247e9ab, 0, 19
0x8e5cafd147b32e9a, 211290, 19
0x9a1ee42acd55a980, 466, 19
0xed971f72a713a450, 82230, 19
0xf8deac16aa93ed9d, 1110000, 19
0x651151ee9bca2dda, 399100, 18
0x6f31ed704e9e1249, 120850, 18
0x72100e82f894aec6, 25130, 18
0x85b55c13dacf0996, 47100, 18
0x87190b757f84b4aa, 2110000, 18
0xe523d0b6a46f83a9, 200410, 18
0xeffc78f3caa2a7f5, 107760, 18
0x025ee4af781184a7, 0, 17
0x489c79a5076bbc27, 4500, 17
0x6ea2bd81625a77b0, 68130, 17
0xaf2483fdad3b075c, 83390, 17
0xb1f66fdf0e6f054f, 1310, 17
0x02204fe3810e60ba, 82620, 16
0xa223873bcb375a99, 75440, 16
0xdfd6ebd791e8ef02, 91740, 16
0x2f87930fe03b7171, 48240, 15
0x4bae5105ec8e95d4, 107290, 15
0x77947cd813bfaf6c, 10480, 15
0xa5863f814539c4cf, 25180, 15
0xb28779181e9639a7, 1, 15
0xc12fda4a63f0bf0f, 28890, 15
0x025a2bb1a62c9592, 2190, 14
0x7791fbb540e0b3f0, 11270, 14
0x88ad840764ad849d, 8570, 14
0xd725d505bd1cde94, 2530, 14
0x1f973a6bd301a5b4, 76310, 13
0x333bd4412ec07213, 222450, 13
0x5006883b7e99d8e2, 226620, 13
0x64a4392e8f6e9d09, 88740, 13
0x6922dc169ed262d0, 100590, 13
0x946c2e489a78a574, 1020000, 13
0xb1dde27ccc2cd551, 16240, 13
0xd6ce614757818de6, 100, 13
0xe99a9a8d3b4d71a6, 13100, 13
0x0ec9d66679c63935, 1830, 12
0x47fffd66611b30ee, 115700, 12
0x57a5c4cf167f30f7, 64760, 12
0x6677b2ac099c680b, 7, 12
0x7a173fdf23921d17, 98780, 12
0x7cdca516079eac03, 78130, 12
0x902303e7318861c4, 502, 12
0x96cf5415875194bd, 84730, 12
0xb093e1398bd7f4b7, 12420, 12
0xb99b81d773adfe06, 73920, 12
0xba44934649da5423, 154260, 12
0x0a149331982cbbb4, 28680, 11
0x0d7af673355fd724, 57670, 11
0x0f8c53d6fd1186fc, 2, 11
0x32de28d1e99b8f79, 97, 11
0x564e6152abae435b, 78370, 11
0x60f9109e85ceaebb, 53, 11
0x6bf7a699efb84cc1, 5180, 11
0x800368415ab5974e, 90930, 11
0x84a289f64a2f9824, 248530, 11
0x85972c93ccc9320b, 11590, 11
0x9c2157ade4a7ac6e, 97500, 11
0xaa5fc91de7f406b9, 960090, 11
0xacf531cb3d7f30e1, 215620, 11
0xaf9519e93a506a47, 16610, 11
0xbebfeddd508049bc, 19360, 11
0xcbe4497885897378, 65160, 11
0xd04e4784763cf0ef, 296970, 11
0xe4790ef7692dd427, 58720, 11
0x067e5ba8db68bbd2, 36730, 10
0x0e8b1dd80d3f6029, 156770, 10
0x14b3891dd8824822, 200860, 10
0x3ab2437dc1e414b4, 256520, 10
0x451ecd6755eb5800, 79240, 10
0x4ebeb6c4277fe5ed, 1910, 10
0x636234f3bfc0774a, 38410, 10
0x73e52ec9b52c9cc1, 37680, 10
0x828194edcde8be94, 0, 10
0xa73897c0afcfbe73, 40600, 10
0xce29f634e7b4a5d3, 36380, 10
0xd2a358a3544a3c71, 414350, 10
0xfc79a9395b3bb8d4, 8630, 10
0x0db403b2275ef19a, 90, 9
0x1669e0e5c5eded60, 3520, 9
0x30539a0246a8f524, 1580, 9
0x3e7510d942d976b3, 51370, 9
0x4e11b5774e5c9f9c, 231570, 9
0x61c058b15579a21f, 26640, 9
0x74d66da5ea210c58, 92370, 9
0x772a93f325463823, 31020, 9
0x8b8bbc044b88706b, 9, 9
0xa393cf2d69da776f, 32050, 9
0xca44cdac560a88b0, 0, 9
0xdd9da0c29af46832, 73250, 9
0xe9caf54e222e1db7, 1480, 9
0x40025cea0d151a75, 108, 8
0x4ad28817fd5dfe0a, 36330, 8
0x4d044cd359a5a278, 1250, 8
0x5971691053aa713a, 40460, 8
0x59b59f2381db8b23, 18030, 8
0x74c3dc2be9d7ba9b, 1820000, 8
0x8870eecef1e8c477, 221250, 8
0x9062e5b6e93f2264, 700, 8
0xd436a2dda800e7a0, 104610, 8
0xd647f6ef3ae9b741, 76480, 8
0xe7a07caf0eabfc49, 61, 8
0xf765c73f8d84e795, 50540, 8
0xfc4ff363d8ea4d9c, 64680, 8
0x09f1863170073e29, 1960, 7
0x13e3102c69200546, 1310, 7
0x209b1ad74b334dc4, 51990, 7
0x231c3251dd341b84, 43050, 7
0x3e5fcbafe16c926f, 18500, 7
0x76a9ddd8f133a3a3, 183, 7
0x7ff3e1bb9dcf15c9, 2710, 7
0x8a2895ed43f14ec8, 117610, 7
0xa463f246530a19d9, 39120, 7
0xa8a82e00606df5c3, 107, 7
0xe2aa9dab51e4d528, 76, 7
0xe7debadee37da67c, 1170, 7
0xef1c91762ceb56ea, 512, 7
0xf1e5b813cb74058f, 1970, 7
0xfa2a42b634f864cb, 12370, 7
0x044cd1e5cd82ef0c, 14120, 6
0x071e56646ca27eba, 19500, 6
0x0b418ca6ad869413, 116350, 6
0x1321d9a6fc903546, 98640, 6
0x183583cdedf36e54, 341, 6
0x3175723146338221, 106, 6
0x31a2e37e4bb2f3ef, 903, 6
0x484a23d067893793, 1600, 6
0x4f5e469a52bbae6a, 910, 6
0x5d441abb9940b564, 156600, 6
0x60cebca22e9ea111, 1, 6
0x6bbf60bbd0cb3e63, 37090, 6
0xaa3f700f89693aa2, 3910, 6
0xad9a5faea1b058ac, 42010, 6
0xc7e29b937fa307d0, 35250, 6
0xcf7ea1462a7e0357, 3110, 6
0xcfe8efd59a9afb40, 70810, 6
0xd1d51a620ce1ad19, 8390, 6
0xd7ca1bbff6257e74, 95840, 6
0xdf106c9f665ec2ce, 12, 6
0x0c2256567c92c97d, 33810, 5
0x20c231a3e992dd8a, 1210, 5
0x29ae2ec5eae10a86, 174, 5
0x2e3e81bc087b3cb6, 65840, 5
0x407fc80d354b9d3c, 58120, 5
0x437963c202670192, 3070, 5
0x4a6e8a31a8a0fce8, 4600, 5
0x4d9333fcf6944eb7, 368, 5
0x4dd940ac75a0ff7e, 49, 5
0x56307594b1136827, 0, 5
0x6c1966b5a27e1556, 373, 5
0x930a14e9abcd68b0, 105610, 5
0xa4ac19aa86afa4d7, 10720, 5
0xc3c0b2c4831e9e37, 1810, 5
0xc8d3b9225577cd80, 1060000, 5
0xd7447cc063ac1b0d, 784, 5
0xf38375739a19618f, 51090, 5
0xf5256fd845a5efde, 8110, 5
0xfb3cc38cffd2ddc7, 5340, 5
0xff5940e01b74f028, 32450, 5
0x052f4ae6b985635e, 3500, 4
0x08e6fec560f4153c, 1190, 4
0x1a9552fe804e4c2c, 0, 4
0x1aee4798b96d9df2, 5530, 4
0x1d8558c6d5465eb6, 2860, 4
0x1d947b86e81725e8, 60380, 4
0x1ea8f976488cdc4b, 1060, 4
0x2bd8653d1a330c70, 127, 4
0x4a24ae75de64266e, 12040, 4
0x4ed3e7f8a2b848ec, 11330, 4
0x5362bbd017b73dd7, 20160, 4
0x5e24285398b455b7, 3240, 4
0x6d3f657a478932f6, 3680, 4
0x73a2cf6777724df1, 18080, 4
0x782253116d6b7a01, 11300, 4
0x7b35cbf8bb32e786, 1, 4
0x7b45073ad0078c42, 30510, 4
0x7b62f8bbd3dfc1a2, 4820, 4
0xaa1c56d0022b4ad3, 13220, 4
0xac66c8ef20de7b16, 4370, 4
0xb9ffb016278d7727, 29920, 4
0xbe474e12b43a845b, 316, 4
0xdd678d679c68d8bb, 14480, 4
0xe20b231f88438d8c, 90570, 4
0xe21d2f680357e9be, 5900, 4
0xfab24ffc110ddfa1, 45970, 4
0xfe8b5d6e6d7eebf1, 1060, 4
0x2f9bb5032bca4364, 19640, 3
0x30a18b0b21c62903, 37910, 3
0x33708d59d4276ca4, 56610, 3
0x399c3788ceca0b04, 6650, 3
0x45d3bedb2a21bf34, 116890, 3
0x49be9d6c844ebade, 52420, 3
0x5a7d1301ae0115c2, 92120, 3
0x5e421c3b25274e77, 52750, 3
0x62b8737a64d63f23, 217, 3
0x647ac27800354a57, 12200, 3
0x6707f0c6f6386a11, 12630, 3
0x69a8b8904c742b25, 59, 3
0x73109d55ef71119b, 2040, 3
0x96dcf82cfd8bfc76, 23090, 3
0xa343a6e279365269, 79890, 3
0xabda5f23b15d71d3, 0, 3
0xbd23a3c03f05a7d3, 12900, 3
0xc040269e617ec638, 0, 3
0xe2a453d905086575, 47360, 3
0xeb87c0c0d71d25aa, 12380, 3
0xf4419db4d6ec6ca6, 21580, 3
0xf479f29495d9401a, 12770, 3
0xf65731aafdd46f91, 6940, 3
0xf6d4247904ab7fe7, 1000, 3
0xf85629ef94328c59, 10440, 3
0xfa04322fcc5d1303, 7190, 3
0xfa85e8d57d156455, 0, 3
0x1b5ea0d8f3cf2bbb, 3010, 2
0x28811ea070da976d, 9120, 2
0x2b67566ef0d7d4e6, 46940, 2
0x2dbe88a84677fec1, 3050, 2
0x380aae10aae94b0a, 101750, 2
0x50fc7a059232b2ba, 6120, 2
0x5b94c051f368d537, 7490, 2
0x5f7695d1f13c06e6, 8010, 2
0x6cc9e3faf3b217ad, 5730, 2
0x73322b2f6824b9d7, 5710, 2
0x7438838331a256b3, 4800, 2
0x76156e00d5d8e21e, 49, 2
0x76c833846bece290, 10010, 2
0x7bb8849e44d7866c, 4580, 2
0x82e875cb76656301, 3520, 2
0x859616e4b75af564, 0, 2
0x90623c799b39d13a, 3430, 2
0x9f2ed1cc1c184ba6, 0, 2
0xa9ea205534768aa3, 30470, 2
0xab45a8138c4e514c, 3460, 2
0xaed203c2a7756fd6, 25260, 2
0xb3339c70a9cfe572, 9100, 2
0xbf35f2c54dc7b85b, 263650, 2
0xd7a6f54e66e1377c, 2690, 2
0xd8864a407b8ee0fd, 16350, 2
0xd95e06a2a1b854f1, 1190, 2
0xdae77c46f0399ca7, 5500, 2
0xdb8f20cf30c55939, 8060, 2
0xdd8b689c8f6f9c5e, 1380, 2
0xddc6cb1a60777d2c, 43880, 2
0xe28f147e9accc67e, 4560, 2
0xe637bd0d2642b9c6, 20560, 2
0xec174b4a378223d7, 67910, 2
0xf178a6afaa4ece09, 3730, 2
0xf78dcf511f1a6d08, 7170, 2
0xfe3e591c6826e570, 31, 2
0x007c8cf8a7d9a4b1, 247, 1
0x01e1ffd106de70fc, 7410, 1
0x0360ffb5cc3f06b4, 8370, 1
0x03a92c53a4c4efdd, 4, 1
0x04fde0ce6ae8e735, 151940, 1
0x05554f5742130bb0, 429, 1
0x0de3ca54fb7a182d, 0, 1
0x0ef08db5e3ee8894, 397, 1
0x0ef51a26400e7c36, 2, 1
0x13fd426efc232820, 6630, 1
0x18ae4e390ab0cdeb, 983, 1
0x1ecd93830daec49a, 132880, 1
0x232b0ab27628cde2, 12460, 1
0x2344a14d990974c4, 17850, 1
0x27ec181d9e1ffc70, 2970, 1
0x30832995ba63889c, 101, 1
0x317a33b881b698b4, 6010, 1
0x326556f46d7469b7, 1500, 1
0x32d5324b9fc76361, 182630, 1
0x33cedfd1d004e817, 1430, 1
0x3c00ba81970e262c, 1620, 1
0x3cfd6b15d80b1a61, 2, 1
0x3ed0c5c602f80658, 7910, 1
0x423f8ed13bc0522c, 5, 1
0x4511834245919215, 701, 1
0x47cc66d1edb1ac28, 6040, 1
0x4929e24bc1c1d3d2, 20680, 1
0x4c029678b021d869, 0, 1
0x4c9b0fd409391ca1, 51, 1
0x506da881ac51456d, 3820, 1
0x50d717b26fccdce1, 10860, 1
0x52916fa28845e414, 5870, 1
0x533dde5bf5ce1976, 2070, 1
0x545222d256ea37e0, 8280, 1
0x5dfaa40f3017feb1, 354, 1
0x63335621b9382080, 3400, 1
0x65ba4c4d9daafb6e, 540, 1
0x6932f83b3b566d88, 3860, 1
0x69e9c98643a2c827, 15140, 1
0x6d58efe7e3a9c10d, 5400, 1
0x6dd22f1323bdcbe9, 3490, 1
0x711bb646dc9cad8e, 357, 1
0x716d0ffde27e3ad2, 96, 1
0x718a38286e1eaf69, 3030, 1
0x78f2b621744e8af2, 876, 1
0x7af088e5daa864b2, 0, 1
0x7ebe7823d2b7d15d, 502, 1
0x7ef984f39dae8141, 17150, 1
0x7f0affb3ccf048b2, 6190, 1
0x80bb78c2419a0061, 3530, 1
0x84c9de7f2044e34c, 1000, 1
0x84d98dad3ed94b80, 3330, 1
0x852a7af959a4f883, 12, 1
0x88021ea740abf06e, 20420, 1
0x89f2aa942936b54c, 53, 1
0x8ce41e1158ae1a13, 75380, 1
0x8f92e6d5654c4c38, 0, 1
0x9127a24f0f97e079, 32470, 1
0x9291e9ba5f33e927, 0, 1
0x958b3eabe69b807d, 4070, 1
0x99590893ffbb325a, 1350, 1
0x99e60d1576dd591e, 1290, 1
0x9baaa302414b0d4d, 63440, 1
0x9f204998c613f8e9, 16120, 1
0xa0bc72bf4a275309, 385, 1
0xa3cbd717ab748a9d, 40420, 1
0xa7ea1f8a8e67b9eb, 25540, 1
0xacc4bd798a1f98ba, 15250, 1
0xad709eb2e6ca047f, 160, 1
0xae4c86527e50b4f3, 1330, 1
0xae7c8a9b11588ef4, 872, 1
0xb1928afb906f9082, 8140, 1
0xb192c61fcd3423f8, 0, 1
0xb644a4347b4199c2, 1630, 1
0xb7adcac0642af6f9, 240, 1
0xb954fafa0b5f943b, 726, 1
0xba0ece7a15badcaf, 2060, 1
0xbcbf6dacc1156c0c, 6380, 1
0xbd50a2d056ee534e, 495, 1
0xbf1742e867c6430c, 55, 1
0xc0442d74deb3663f, 8, 1
0xc569c6b92ef6cf83, 74600, 1
0xc5e367e522a0c5d5, 872570, 1
0xc831593bcfe7d34e, 5, 1
0xc8db1790edcf980d, 101, 1
0xcabbeb8fca4ad986, 355040, 1
0xcad0b74d8480689f, 413440, 1
0xd0c7cae91f200f7d, 709, 1
0xd114d997b9d04591, 18280, 1
0xd1779777577c5b25, 3580, 1
0xd24b4e067a439fcb, 583530, 1
0xd713192843765d13, 5780, 1
0xd9df218fea13d161, 3240, 1
0xddf8a3987b600874, 5930, 1
0xde16904b0c1effef, 43850, 1
0xe687bfbe14b4aa9f, 2, 1
0xecb45f2d0e112aa6, 37930, 1
0xed0e9457e5f8f701, 4990, 1
0xefe8c47b6553c940, 1100, 1
0xf1773c599f86f9f4, 57440, 1
0xf63b86c69c040770, 2530, 1
0xf8e958d3c6fd75a4, 525, 1
0xf90c6833daed7698, 30, 1
0x0063256086193b29, 1900, 0
0x00665f870d9a7eb3, 127, 0
0x008a049bd3b4f28c, 554, 0
0x0090ffc1b16a0685, 509, 0
0x00f52def1bcb3fa5, 381, 0
0x00f785792affa731, 424, 0
0x01822fd8c4594fd3, 103, 0
0x01cc00d57cd1ea3e, 233, 0
0x01ce3b3f719d7c42, 164390, 0
0x01f4da7dbf6d12cd, 3, 0
0x0300169674f2b3e6, 136, 0
0x03462f863bfe6c82, 0, 0
0x034a4cef2a3d5003, 164, 0
0x035c763a4db1e2dc, 1590, 0
0x0375bfa09c54d19e, 658, 0
0x03a65fd575200e5c, 79, 0
0x03ab72b1e1671e27, 7730, 0
0x0401fa98fc9be244, 2, 0
0x041a8393790dd6a7, 4, 0
0x046a00d7128791c3, 1050, 0
0x04d1d6ff6286000b, 700, 0
0x057ea7060f702e8a, 15350, 0
0x0598b7e9f68b6ab1, 497, 0
0x059d0cf2bfbc5343, 330, 0
0x05e72c6cbb590bd5, 197, 0
0x05eb264f9f02721c, 19, 0
0x0607d3ed59564c20, 546, 0
0x0639519444f16ece, 81560, 0
0x0688dfbb8484de3d, 19, 0
0x06f54d63b0405b09, 1010, 0
0x071edba3068760c3, 0, 0
0x0747be337c39b8d7, 28890, 0
0x0757fd018660a9b0, 70, 0
0x07ec3d03261654be, 507, 0
0x07f251475e18301a, 11, 0
0x07f25c26723bbb33, 10, 0
0x081a86de15637ec4, 21660, 0
0x08f23c2fe4ad5b02, 12720, 0
0x09057e19489f62fa, 546, 0
0x09284af08e4c9eeb, 0, 0
0x094e012c80e790b4, 11, 0
0x095e4dda6b208408, 4910, 0
0x09d0ded59ceec4d4, 21500, 0
0x09f080b8a5bec794, 0, 0
0x09f4cda6eaf179fc, 458, 0
0x09fb19673ea5f203, 51500, 0
0x0a1ae389cc606695, 3400, 0
0x0a988ce355be28bb, 32, 0
0x0b0d0208309e8c6f, 2, 0
0x0b11ee0169ce6901, 23, 0
0x0b7c68bd7a4f3f7a, 10, 0
0x0b92dec0b2368791, 19380, 0
0x0be587cdd0b5eff2, 100, 0
0x0c220e136b852c80, 95, 0
0x0c3c3d8e51e54601, 0, 0
0x0c4a944cbe0227fb, 120, 0
0x0ca8e61d2563c3f3, 2290, 0
0x0cc2d87d602b576b, 0, 0
0x0cd8bbfeba6b8a3a, 2, 0
0x0cf9fe12777e97a2, 2350, 0
0x0d61a47562e4fb6d, 0, 0
0x0d80bdc1a4b49af4, 1620, 0
0x0d83921d81ca1102, 6550, 0
0x0eaf8305cdc3170d, 0, 0
0x0ee1283265f68e7e, 200, 0
0x0f0312f2c62e026a, 443, 0
0x0f25944ebe73500e, 640, 0
0x0f4c237d14f173d7, 1770, 0
0x0f87725d3d7578ae, 1270, 0
0x0fb775cfdb7b6734, 0, 0
0x10302389446bddcb, 10020, 0
0x10616883745adad7, 6730, 0
0x1092f405c785f3f7, 5010, 0
0x111a64a37eb629e9, 631, 0
0x1124c131a882cd7f, 7530, 0
0x119458f66b7d7331, 300, 0
0x119ffddd2787331c, 114, 0
0x127dd83a4433e8bf, 500, 0
0x12c2eeafdefc3f8c, 11, 0
0x12c518f9116b3f82, 106, 0
0x1366aa22028f8de0, 642, 0
0x13692db50d63d050, 247, 0
0x137ca3bebfca2ee6, 946, 0
0x137f1285839e3a71, 188400, 0
0x1398964194c76c80, 212, 0
0x14124c77379858cc, 7860, 0
0x1416ab454cec32ed, 1100, 0
0x14a43f036d14a399, 0, 0
0x14c3e14553cb1625, 607, 0
0x150a428ace50ecc1, 2, 0
0x152f595f8110ce75, 102, 0
0x155b581cf0050807, 1350, 0
0x156a993013d711d9, 27, 0
0x161a159a17021ed4, 516, 0
0x161ae9d06d32797c, 1030, 0
0x1658b71f0e94c289, 998, 0
0x16e541d83bbb5e26, 5, 0
0x17e03c3328efef2d, 104, 0
0x181d7111649917c3, 598, 0
0x183cf23e42d08f8f, 127, 0
0x185a9015229c9923, 11310, 0
0x186bad77a6ea1c44, 507, 0
0x188428c065b278dd, 0, 0
0x18be8d2157e83c54, 0, 0
0x18c5fde613c7d0cb, 342, 0
0x18c9c7e21a1059e3, 0, 0
0x19089ba358d72167, 17, 0
0x194783a75d7035bf, 0, 0
0x195a965203dd622a, 115, 0
0x1974b6a26be8de9d, 1, 0
0x19768f9fef68bbf4, 5250, 0
0x19dffd5efd70a5e3, 4270, 0
0x1a0e45c626a74f18, 73960, 0
0x1a2b7aa7b1bdbd2f, 27, 0
0x1a3f995508d8cef5, 870, 0
0x1a5c907e76f69b84, 376, 0
0x1a84a656a2081f8f, 1020, 0
0x1ac7a9cb7fd01a3d, 544, 0
0x1b22956143f3e2b4, 19000, 0
0x1b3337c2d6439b73, 103, 0
0x1b7e19a0abfb7749, 1100, 0
0x1ba306c0a6721ea1, 0, 0
0x1beb810b4f94fdc2, 0, 0
0x1c07b08334d963b1, 107, 0
0x1c31b9a0fb068fb7, 1060, 0
0x1c36ae8fbf44931d, 100, 0
0x1d06f11c994a8f24, 1540, 0
0x1d4fc80d24b11d36, 2, 0
0x1d95b85f7622f44b, 9, 0
0x1dad332b11233b05, 23, 0
0x1df2e2dd07fda32d, 7000, 0
0x1e11aa0364a9b718, 203, 0
0x1e1a028f3eab7ee4, 12300, 0
0x1e42eeef88d92c46, 407, 0
0x1e5f4eebe8a56737, 1130, 0
0x1e659d4453b7bfbe, 1850, 0
0x1e6733e98faa44c6, 0, 0
0x1e6c7deb4c418f2b, 197, 0
0x1ebe1d7350d0f7bc, 1, 0
0x1ece31766df920d1, 1400, 0
0x1f29f5e15a580a2c, 5020, 0
0x1f79d3dde5ac8f86, 13820, 0
0x201b5fcd6f36ba53, 1, 0
0x201d1c1b6abe057e, 41, 0
0x20961cb0d80cdc68, 44, 0
0x215e20c43f25bcc9, 0, 0
0x21d1485a70482e53, 4510, 0
0x2206e6fe9b37c2ce, 1160, 0
0x224d7939e5493402, 9, 0
0x22768ec6acadbe2f, 5510, 0
0x22ab18939f0f9408, 121, 0
0x22d3069916953ce1, 5810, 0
0x230ff0c11e6ed2b0, 642, 0
0x2351b4ec0d1f50d4, 39, 0
0x2370638506c8df09, 2490, 0
0x2375ece0147325f7, 5, 0
0x238e0bbe9857929e, 4, 0
0x239f484eee0fa3a6, 104, 0
0x23eba99fc4eb180a, 36, 0
0x2412ac319c2c4d72, 316, 0
0x242661103ee29d74, 15160, 0
0x248459dd41025778, 26590, 0
0x24b39b1bed8bcbb5, 0, 0
0x257e08984d5b7913, 5510, 0
0x262d0b9f13f12d07, 45200, 0
0x26c0e4840c9ec926, 547, 0
0x26f77b3bc4c6725d, 122, 0
0x278bf7f110d3edb2, 5010, 0
0x27ef7af1a413ca68, 1, 0
0x27f1ff2bc19712e7, 199, 0
0x2905d62b091702af, 0, 0
0x29b4f775f2acc3d4, 2320, 0
0x29dd2d4f1a7b5463, 0, 0
0x2a05a4a4e9c8ff37, 10140, 0
0x2a2018204c3eb8f3, 0, 0
0x2a75eaa876d27c93, 516, 0
0x2a8d0bc9b6b09da2, 11630, 0
0x2ab227edbfa95872, 2830, 0
0x2acf18f051ee6499, 1080, 0
0x2aec9f94e1b880c4, 0, 0
0x2b69d9862a80e0d5, 7590, 0
0x2bd08fe7f5205d85, 653, 0
0x2bd36c9cfdfbc9c9, 512, 0
0x2beaa09cadb4581b, 2920, 0
0x2c08d166ef980d64, 3660, 0
0x2c2deee1bdf02eee, 59, 0
0x2c601057db3ff169, 489, 0
0x2c69918f7bdb825a, 11080, 0
0x2c70dbb478573fc9, 507, 0
0x2cd302e281dd5bb0, 6360, 0
0x2cefb325ee7074da, 31690, 0
0x2d0120df876f92a2, 5010, 0
0x2d46dcf9e75913be, 9, 0
0x2d4d1819ea4100a3, 3240, 0
0x2d93bd7c5789a02d, 385, 0
0x2e13b21600387163, 0, 0
0x2e225bf3fe9b72b8, 0, 0
0x2e31c69791604cdc, 0, 0
0x2e9222a15229206a, 22, 0
0x2e97cffb87f023c1, 5, 0
0x2eb2747b662e6a68, 0, 0
0x2ee2613271f71f52, 2020, 0
0x2eef0a9874bf2079, 5510, 0
0x2ef1a87078c34212, 50, 0
0x2f0329bb5f2d3a32, 0, 0
0x2f15f13ad5dbc509, 532, 0
0x2f228fca53c3fcf5, 1380, 0
0x2fd4c178168e319c, 1260, 0
0x3042b625886545bd, 2, 0
0x307e47d8ad756de8, 188, 0
0x315e5bf429451e42, 0, 0
0x316d91dbffe4b2be, 20, 0
0x31a58e15f4310a75, 1160, 0
0x32de83431b68a717, 2, 0
0x33885e7e56ec4f6a, 8490, 0
0x33a5c6d3e6b769a7, 0, 0
0x33c237928726c261, 343, 0
0x342458477b818f21, 17, 0
0x345dc747f1313b30, 519, 0
0x34d37dabbd394534, 0, 0
0x34f4372f2645776a, 500, 0
0x35860254d341d44c, 102, 0
0x358e65be05e15685, 0, 0
0x3608772c39476eca, 2, 0
0x363304a38bf3af35, 7, 0
0x36eb3efd87868593, 11, 0
0x37776026e061c891, 65, 0
0x377c2b72e1dd803b, 2060, 0
0x3782c245ef227b85, 3360, 0
0x37d1bcbbd41d1773, 7400, 0
0x37e25aa3c9a50acb, 5010, 0
0x38037898541f1fce, 0, 0
0x383bbc1f7a5292c9, 197, 0
0x385c03effc73e74c, 17, 0
0x390257774fcb034b, 6980, 0
0x39161b537b0c4000, 1000, 0
0x391f4d4125e5af37, 100, 0
0x3973fc5b3e3cd732, 4500, 0
0x39cf1f6135cdb0f9, 2960, 0
0x39e1dccfb206ce3b, 3, 0
0x3a0c080bcbe94775, 5020, 0
0x3a5d1020b2e9d730, 10, 0
0x3a5d7fdc5a5c5cdb, 0, 0
0x3a6ada5acd976900, 0, 0
0x3a7edc59e842ab65, 1210, 0
0x3aab11c65827db70, 391, 0
0x3adadf1c1914af54, 0, 0
0x3af35e8087b2553f, 1000, 0
0x3b343fe1813a7b1a, 101, 0
0x3b40156ba20424e2, 266, 0
0x3c0b09ffeb91010f, 0, 0
0x3c4151d518a12808, 328400, 0
0x3cccaa9a2d936bbd, 93, 0
0x3d07c88258691281, 5510, 0
0x3d3571e84c3b9a01, 101, 0
0x3d4a500ac6078262, 0, 0
0x3e07e82ce4efedaf, 2100, 0
0x3e364ca00a0271f7, 20, 0
0x3e67562cb4799acb, 5110, 0
0x3e6a7712c178f4c4, 497, 0
0x3e71cb8f7fb11a85, 0, 0
0x3e9d3189b5455c3a, 251, 0
0x3eff1c9a8ad44fe5, 7, 0
0x3f4ecbafabf24a4b, 525, 0
0x3f6df03ba31323fc, 472, 0
0x3f7953193efbf4f0, 1, 0
0x3fddf602067f01dd, 57, 0
0x3ff07e182b609206, 8, 0
0x3ff143796b68959f, 73740, 0
0x40372edca963ce6b, 1100, 0
0x40445f4e02a25864, 223, 0
0x40463df97ad2fc22, 17, 0
0x406b6945dcc84baf, 0, 0
0x4070f3b53485c02c, 0, 0
0x40e62575270cc272, 3340, 0
0x415e61815e979f73, 0, 0
0x41789345a4c21ce2, 5510, 0
0x42850eb220d4d82c, 277, 0
0x4308d405fbb63570, 2870, 0
0x43493ab502439ba2, 37170, 0
0x43633e0b04525e63, 111, 0
0x4389c105c27433a8, 0, 0
0x43954625bb568f86, 343, 0
0x43d2c326ef69ec65, 148, 0
0x43ea18066b1b6ee9, 92, 0
0x4433cff61f9047bc, 10, 0
0x4562405a0cf13649, 92, 0
0x460007a16b93edb8, 11, 0
0x464b87a14d5b6872, 527, 0
0x4687c4416e883bd7, 4540, 0
0x46a3e0734a21e49e, 220, 0
0x46dc12d3a733b97a, 666, 0
0x4705b0d9ca230f98, 0, 0
0x4741e3470c69e4a9, 2, 0
0x474e347a20be3bb4, 494, 0
0x47598d3dee33e128, 531, 0
0x475f7a85df99b5aa, 14, 0
0x47caf9719103d8d8, 0, 0
0x4827fe65d343135c, 0, 0
0x486015743c210652, 31760, 0
0x48cdc5d3fb86424a, 698, 0
0x48e2e85130e6d447, 34970, 0
0x4a4a31e27b2f24ab, 8, 0
0x4a820ce16f33643a, 24, 0
0x4ab8e5e853a09356, 738, 0
0x4ad7be8459343168, 668, 0
0x4aea28c61f9c8542, 12820, 0
0x4b38428e06f8cf2c, 183, 0
0x4b748c9350f559a4, 141590, 0
0x4b90a31c16ea59ba, 18, 0
0x4c519110b1622d27, 5010, 0
0x4c8dc69f5aab833f, 148, 0
0x4cd59d541498972d, 0, 0
0x4cd92a0b9e9debc8, 1800, 0
0x4cdacde5d5912ed0, 0, 0
0x4ce890686c4f7749, 0, 0
0x4cf43155dc16e1f1, 0, 0
0x4d214f83b19991e7, 5920, 0
0x4d37f7fbb4b427b8, 9, 0
0x4d42609b1b5a96c6, 147, 0
0x4e6a59a56b70c15a, 546, 0
0x4e84e4985e2ea9d4, 1070, 0
0x4ec6dab6bb61b45a, 4300, 0
0x4f161e8ae1c15120, 4690, 0
0x4f355dad510064f6, 546, 0
0x4f358638128e2cc4, 300, 0
0x4f506a2ac86404c0, 397, 0
0x4f7244207b88c834, 5010, 0
0x502510070f818c18, 24, 0
0x507816d8deb785b6, 0, 0
0x507fb4a1d839f2e1, 0, 0
0x5090bc31e8ae5cfa, 218, 0
0x50a7d6c303b76540, 0, 0
0x50b00b03c907e94f, 923, 0
0x50d94f52743f306f, 5650, 0
0x51409c9a287f909e, 5510, 0
0x51897956e6654947, 568, 0
0x51b42577e2584c3d, 593, 0
0x51e12f5cf865c63a, 13460, 0
0x52580bb550dd02eb, 0, 0
0x525d080261f103cb, 647, 0
0x52747b419e0f4306, 1090, 0
0x5283b9e53b71c68b, 10730, 0
0x5290994412da8e42, 67, 0
0x52d9254983b4a14d, 1150, 0
0x52e2e208c7307681, 0, 0
0x52f3e43ebdf64a0e, 119, 0
0x52ffc8b7a7575803, 21270, 0
0x530cfe2d37bdfed0, 2130, 0
0x53e07773b5cf3f91, 9, 0
0x545132ecaca8cb8c, 31440, 0
0x5462801d0d3d890a, 2190, 0
0x548446c232c359cc, 3700, 0
0x54ee46b02c5ad78b, 1, 0
0x558adc392bd627f6, 10100, 0
0x56362d31c8830617, 8860, 0
0x56982230bd6eb722, 100000, 0
0x56ad83456154e17e, 3040, 0
0x56b8898d80544d93, 109, 0
0x56d9cee94affb4bc, 507, 0
0x56f1dd7fc492d78b, 1010, 0
0x578c2387bfffbca4, 2160, 0
0x57b01d7fdea2882b, 1440, 0
0x581f191f74aeeec5, 0, 0
0x58cd6c6e043ed883, 6960, 0
0x58d92a43832f0178, 0, 0
0x58e3124f1b33d2ab, 19, 0
0x5912d2207de1d943, 2320, 0
0x595992c7f0e03286, 100, 0
0x597b1eecf63533ef, 7, 0
0x59d6e7d300b8bb4a, 3850, 0
0x5a165ab9068f7f02, 17, 0
0x5a499a2deaa1cdb0, 3530, 0
0x5a4b95164254d196, 1170, 0
0x5a858515ced9dae9, 707, 0
0x5ab3567b9a65e1d6, 105, 0
0x5ab66249af9f146e, 10, 0
0x5acd06bfc3b07b02, 1490, 0
0x5bc8472b28473f8a, 0, 0
0x5c33dc11600000f7, 0, 0
0x5c4d9fe686b87110, 0, 0
0x5c9b561a7f6444ed, 197, 0
0x5cea534d387e953d, 0, 0
0x5d40561d3533f062, 596, 0
0x5d4af6d2a6bd64b8, 0, 0
0x5d812b1eb8cc9c32, 695, 0
0x5da26f7bc1ed9a4c, 0, 0
0x5dcfd4cccfbac478, 416, 0
0x5dd366d75d0311f4, 154, 0
0x5e30b80840eff0e8, 1120, 0
0x5e504330a4cf6def, 897, 0
0x5e51a51936faf517, 1, 0
0x5e759d1354338c54, 1160, 0
0x5e767b1cbce07195, 135, 0
0x5e8ae746f6051201, 0, 0
0x5eb73b5dac4ccb5f, 0, 0
0x5f386543162503e0, 5, 0
0x5fd0e6fda67496e6, 496, 0
0x6081c077d83f439d, 2010, 0
0x60a85cbdc24ca732, 45450, 0
0x60c3bcc7db426ad2, 7, 0
0x6110c1e0275ad4aa, 30910, 0
0x612d135617daafaf, 548, 0
0x6144fa90e53767c4, 4560, 0
0x6183cafbe24d14fd, 308, 0
0x61c3cf2c605183c6, 1060, 0
0x61f06f1c7aef6a9d, 9670, 0
0x6206412ef32ebd9a, 197, 0
0x621383a4c0de36c6, 1650, 0
0x629a028fd39281cd, 178, 0
0x634bdd01031ac0d7, 502, 0
0x637e47d6906de29e, 0, 0
0x639e3041eda9cf92, 1, 0
0x641b047179204f76, 8, 0
0x649e75e78fb320b2, 8010, 0
0x64ea883843ca4c23, 970, 0
0x65252f1b0a37b571, 1010, 0
0x65750d76dbbae67e, 22, 0
0x65756daf1de7295b, 1030, 0
0x65e12de78ba1346c, 0, 0
0x65f90c17864b9a3e, 2, 0
0x66305fcdbd296012, 1500, 0
0x663604606d322bb0, 5770, 0
0x666c22b0f147950f, 0, 0
0x668c1603af939f33, 163, 0
0x67171c77221c6423, 12400, 0
0x67252e8f0a0d6cd8, 0, 0
0x672f8a27085f5a28, 2, 0
0x67444282a46e271b, 0, 0
0x6766a287b2799c12, 107, 0
0x67811343278d1bae, 77, 0
0x67985554cecba1f3, 119, 0
0x67eba5838a842c4c, 1, 0
0x68015e22dbe43a1d, 0, 0
0x6881ef2824df45ec, 607, 0
0x68acab8e1d2370d7, 1000, 0
0x698925693a574667, 10500, 0
0x6a0ef34a872b1ac5, 964, 0
0x6aa8d7e16c56738f, 515, 0
0x6b035d0997d9e187, 197, 0
0x6b2a4660ea301374, 0, 0
0x6b72593310f61935, 6780, 0
0x6b98b6db1a715f91, 11970, 0
0x6be2a2ae7badeada, 1690, 0
0x6beb0ed9828c8628, 12330, 0
0x6bfed2be1a36d414, 4770, 0
0x6c006357bd03d5da, 127240, 0
0x6d57cb537b00cdbd, 1, 0
0x6d627f4355cec97f, 46100, 0
0x6dc4c397872c2eeb, 1000, 0
0x6e56f943a7d42e60, 200, 0
0x6e5961bbbab617e2, 8560, 0
0x6eac71aa155f0d12, 546, 0
0x6eb4e67d332f2071, 2870, 0
0x6ef88ef4c5868a20, 17, 0
0x6ef9debd69c7a369, 2, 0
0x6f5a2bc4e9926f70, 507, 0
0x6fc41c2762b78657, 7210, 0
0x704250c36ee04e8e, 6, 0
0x704a1d0f5cde28c4, 14990, 0
0x705e4c8aa9cb96b8, 11680, 0
0x70e96254f42b8b90, 413, 0
0x717028901eb34def, 3, 0
0x7185cdfcfbcbfc02, 189, 0
0x71acb0e167f270c8, 1850, 0
0x733b28bf517c5fa5, 0, 0
0x73468a31c9319c33, 35570, 0
0x73a527af0e5516f1, 21930, 0
0x74065cddf935658b, 928, 0
0x743a32b10e353bc6, 0, 0
0x745f545c01a65775, 0, 0
0x7461a458faa447b8, 145, 0
0x7472e0965aea9ac6, 515, 0
0x7497edcad6d42585, 1050, 0
0x74d1980e5dd28a17, 10270, 0
0x74fc8f26e3c4c9d9, 497, 0
0x751e953f1d95afcf, 1260, 0
0x7551e91f0a2ed52a, 298, 0
0x755f50d8ab35dd4b, 1230, 0
0x75adedfda17c1d2c, 1, 0
0x75c48bfd191abae2, 20370, 0
0x75d51689306098c2, 2210, 0
0x7614c728b79e0a50, 10060, 0
0x766e0fb1961ee2b4, 5270, 0
0x76b223c67e249ab7, 437, 0
0x770c06599ee5b41c, 0, 0
0x7727dc5e4b709a3a, 0, 0
0x77366f5e2c070ce1, 1910, 0
0x7738aeae7143d8d5, 816, 0
0x7743f16b1928646f, 49, 0
0x777770084c113a03, 97, 0
0x7789aa154246c9b0, 2, 0
0x784c4dd47b3a9ff9, 139, 0
0x7876127789a3210b, 247, 0
0x787d7691353e7485, 360, 0
0x788289f5707ca1af, 112, 0
0x7a3e2d7a49707f63, 1320, 0
0x7a608a12ee581faf, 97, 0
0x7a696d3646efce8f, 34510, 0
0x7aa0a981bd16370c, 6570, 0
0x7b8e8dde2db84c11, 2, 0
0x7b9caa86a3aadf48, 2450, 0
0x7bdd22d76b46cec5, 304, 0
0x7c0e6a9540f70c6f, 5100, 0
0x7ce992dfb3c6501b, 0, 0
0x7cf8850ba108ae27, 0, 0
0x7d08f3a50eceedd3, 0, 0
0x7d3dcf02dcb3db4e, 0, 0
0x7d636b6381dbb15d, 3900, 0
0x7dcb22dfd05786b0, 0, 0
0x7e02278b8e2dae5b, 2950, 0
0x7e454e722bc9ae53, 291, 0
0x7e762cb61df4b87c, 6950, 0
0x7f203d7512cd7e96, 122, 0
0x800cce92d866092c, 0, 0
0x804160f75a560da4, 169, 0
0x810fafc6c5d5cd31, 2400, 0
0x8116abbf53ef301b, 586, 0
0x818761115b02473b, 1040, 0
0x820639117fe55172, 0, 0
0x82ca61eb37b8ca6e, 645, 0
0x82e5cb6e25506e1f, 2, 0
0x830562e211f64e84, 97, 0
0x8388e658a0de8595, 0, 0
0x8427e64b328253cd, 197, 0
0x848694213cb20bcc, 384, 0
0x84fbc122ef07d4e7, 218, 0
0x852227a157bda332, 0, 0
0x85599d2fd6e4ad19, 326, 0
0x856e6765478dd907, 2010, 0
0x857b1252194a8fec, 163, 0
0x85ab02e3042925d2, 103, 0
0x85b5267e22b0e4c2, 356, 0
0x86260f384d4a17ea, 17, 0
0x8709ed60d18b7eec, 8, 0
0x8738cbdf1592a112, 4, 0
0x875fcc85372c4337, 1600, 0
0x877636a5cec0b967, 520, 0
0x8799fa8c6df22f1c, 133, 0
0x880f6f96b3ca3a9f, 1030, 0
0x884e3b608f0c821a, 116, 0
0x88ba82174f18c993, 101110, 0
0x88f1026031ff8e7b, 246, 0
0x8933d7881a4c8fe4, 7, 0
0x895b0a17eecee7a3, 0, 0
0x897fad51f956e5e8, 1, 0
0x89bf7bb7b79ef9db, 39, 0
0x89c06e76ebdec36b, 5010, 0
0x8a086b2c3abd937c, 676, 0
0x8a42c15ce9eeee0c, 12, 0
0x8a56a81004f17e0d, 4260, 0
0x8a8a6e237ffbc2bf, 627, 0
0x8b605f4025f9f029, 103, 0
0x8b9a73acc6a0acb1, 2260, 0
0x8bee6a94e9cdf59b, 44420, 0
0x8bf855ee77d1cee1, 697, 0
0x8c20aa7c342d8893, 10570, 0
0x8dc12068c0d5b373, 0, 0
0x8dc36b975502fe1f, 0, 0
0x8dfc27a2871f619a, 150, 0
0x8e8ea1b2ddbf0cdd, 1, 0
0x8eb7c2d296c809fc, 3, 0
0x8f102a138fed4d6b, 0, 0
0x8f2b4e969abe3b9e, 1840, 0
0x8f77e8a07b18226d, 465, 0
0x8fc5444584e9aede, 3410, 0
0x8fe0ec5059bba5d7, 281, 0
0x900c13deec6ef38e, 1230, 0
0x901365120b09b98a, 118, 0
0x901ac459c39be411, 4780, 0
0x903cf3c74e688f2b, 22490, 0
0x904a1fe04822a973, 0, 0
0x906f31eacc442c4a, 812, 0
0x90aacd88c69f8d0e, 6, 0
0x90e0b2f70d8944ad, 7, 0
0x90e1b6f73bdc62e9, 509, 0
0x91403c390a30d892, 4840, 0
0x91c7103c7f14aebe, 4, 0
0x92be24599194f86e, 0, 0
0x9382bd0364ec76bc, 295, 0
0x9420db4ce9c25277, 0, 0
0x943da8aee9ff74d8, 0, 0
0x9457addd59c82f3c, 2560, 0
0x947a270689dc9a0d, 177, 0
0x947ff53e2b9a6441, 2140, 0
0x94f301e3ebc3e4a6, 0, 0
0x9516ea39a4c6a62e, 165, 0
0x952c6f0ca1262ff3, 27, 0
0x95beb97caeb046ba, 0, 0
0x95e81a69f079d458, 517, 0
0x95eb8ea63fc309f8, 999, 0
0x95f1d7934d4d0dd7, 5830, 0
0x9602e5a2aa679725, 1, 0
0x96155e79e20ee3c8, 43700, 0
0x9642616cc5d46ef0, 568, 0
0x964d8d35bc8bcb55, 0, 0
0x96692d1d31bd67fc, 57, 0
0x9679addafccf8294, 2580, 0
0x96b82f5c42cd9bf2, 6, 0
0x971efddbe209d594, 114, 0
0x97b040925f0d1a88, 1550, 0
0x98199e3a0c09025d, 776, 0
0x981f2346fdf74a84, 110, 0
0x984c7739386e52da, 150, 0
0x988262e7eee56d84, 5010, 0
0x98f7fe80a5e9d4f8, 1310, 0
0x990114e0b92dd8a5, 0, 0
0x9924a738a80b27de, 564, 0
0x99740fc5fc313513, 80, 0
0x99cdbc4bb2125a31, 148, 0
0x9a4e52bc3ee4293d, 9, 0
0x9ac8221316dac4f1, 7790, 0
0x9adef4e8edb040c9, 1010, 0
0x9b785485ed242baf, 1410, 0
0x9bd601d9acf93e9a, 59790, 0
0x9c34cce5eac8437a, 2140, 0
0x9c7a86e8d736106f, 4100, 0
0x9c91d351c01a6f26, 112, 0
0x9ca1acc8466a8fbf, 126, 0
0x9cd2e5e600796600, 25, 0
0x9de0b1639aed316a, 533, 0
0x9e20b3cb4fa6b6a2, 53, 0
0x9e94c51ab9b89545, 1370, 0
0x9e9d40168d4d609f, 138, 0
0x9ee11204e296d244, 0, 0
0x9ee7de714634b243, 0, 0
0x9f5b5e29736af788, 0, 0
0x9f85715904447df8, 36, 0
0x9f857d5f7f4dd5c9, 400, 0
0x9fd87d989f2d5d64, 245, 0
0xa0508250c90d253f, 340, 0
0xa0872ac68adad1a8, 4110, 0
0xa0999b4647dca652, 23840, 0
0xa0b9cf23792590bc, 4, 0
0xa167ca4a79cf097f, 0, 0
0xa16e911eb8e51c11, 5010, 0
0xa17eb8c4874cf15e, 10, 0
0xa189efc840f0cd7d, 0, 0
0xa1939bf9df55f0bd, 939, 0
0xa19acffc80de21b6, 25, 0
0xa284343f800188f6, 0, 0
0xa2d7c530b021215e, 432, 0
0xa2dec27d72e004b5, 10, 0
0xa2e6f9ff91fb054c, 70, 0
0xa383883891168d39, 0, 0
0xa484916e620f4fdd, 101, 0
0xa4917749bd0bfd08, 197, 0
0xa491f00bc126ae55, 502, 0
0xa4b0555adaf5b861, 7280, 0
0xa4be9546907cc2c2, 1, 0
0xa4f5980a8cd479e9, 0, 0
0xa5af1bc5c42a57fc, 10000, 0
0xa6774e31a04d25bb, 1560, 0
0xa6e331ec1635ee50, 1010, 0
0xa6edf2455cb4ac38, 15510, 0
0xa77663774ce20088, 4990, 0
0xa78d317d60ac9fca, 0, 0
0xa79511ed4bd33dcb, 1970, 0
0xa79f70b17e1d277d, 1, 0
0xa7a12c537d6037bc, 12, 0
0xa7a2ffbb2f1bdbaa, 942, 0
0xa7ce13b055743e87, 500, 0
0xa7fc9a31bd7d08a9, 103, 0
0xa85c94aad2dd25e2, 117, 0
0xa875fe3e1c79d7dc, 594, 0
0xa8acc94184698d86, 81, 0
0xa8d2f8970472025c, 195, 0
0xa8e1eb112e3601dc, 110500, 0
0xa922e197482c77c4, 2800, 0
0xa936530dd156c8dd, 0, 0
0xa9ce9a0c33e0d103, 1090, 0
0xaa0523f48efc7e3c, 313, 0
0xaa3c4307544dd71a, 10, 0
0xaab019a9320c5713, 10330, 0
0xaada0ed271d26e1f, 0, 0
0xaae1526971812ea6, 500, 0
0xaae479cb1030ab8a, 760, 0
0xaae9be46581b7160, 2, 0
0xab92468f9c270c33, 3140, 0
0xaba6f432e9a3698b, 1470, 0
0xac08f0497d1624c2, 8580, 0
0xad9adce0bf2294f1, 0, 0
0xadbe37dd783cf64d, 0, 0
0xadc2fa8043bbc789, 2090, 0
0xadc382b9e6f6680f, 18, 0
0xaeb8f19cf2e0062f, 7, 0
0xaef9b99367566029, 1, 0
0xaf579720d158c429, 894, 0
0xaf96ac5f0ef8f5bf, 809, 0
0xaf972e567891f823, 0, 0
0xb00248b706897744, 2590, 0
0xb00701f9d5f1494d, 0, 0
0xb00c8925b740d5df, 766, 0
0xb09e8bd089cb1901, 2570, 0
0xb127532320746568, 2340, 0
0xb14d2db3be26b5c4, 1300, 0
0xb184983a8feb0b24, 12, 0
0xb1a0382f1f7344f6, 503, 0
0xb1b2d76b4ebe1df2, 2, 0
0xb1fe7ac3039670c4, 1, 0
0xb2b495532a392861, 504, 0
0xb2d05bb31fdf452c, 2, 0
0xb2d6d9140a16554c, 86, 0
0xb3471fb1b9980c9d, 3050, 0
0xb3db480a12e20bc6, 96, 0
0xb3dde9d0c6cb546f, 0, 0
0xb3ef5a5ba6abfa40, 7, 0
0xb3f8ca26397b0d06, 1560, 0
0xb42a5d86ba04e59e, 2840, 0
0xb476b335f2e7fcad, 1000, 0
0xb4dcd2a992cb997f, 16430, 0
0xb4df42b81b77e122, 504, 0
0xb4e2e3f5e6e9e83d, 11780, 0
0xb5dccc08ca6d4c84, 1220000, 0
0xb61c90b354a03ee9, 1, 0
0xb6a8cdb5b5f295ed, 131490, 0
0xb6b911b726003b0e, 1010, 0
0xb6ce7dfa98e8d726, 3180, 0
0xb74e0d6c202bec61, 366, 0
0xb7bb060dece44ad1, 499, 0
0xb7fc0f817ae73441, 1840, 0
0xb7ff8d79975cbee5, 9, 0
0xb9559e822e11d971, 7250, 0
0xb9bfc3d4488d2498, 13, 0
0xb9f4aa5b23a38e72, 77, 0
0xba0a42648cf13686, 97, 0
0xba2d0f9c5be9ba61, 1090, 0
0xba811c13810275fb, 476, 0
0xbab5dc03176c60a1, 1290, 0
0xbb683d2a1bf5c342, 126, 0
0xbba7fd2a873015fa, 500, 0
0xbbcfd1f41a5523a4, 18, 0
0xbc8553a9eddbe79d, 42, 0
0xbd0cdc8bdb57fc57, 203, 0
0xbd17f6db65b98caf, 0, 0
0xbd2017353f5c0217, 31040, 0
0xbd2d973be157e672, 8250, 0
0xbd3e1169ec26d055, 5010, 0
0xbd66ad68a23619f4, 25, 0
0xbdfe2e3470d8debb, 572, 0
0xbe0e4a41b2a22d41, 11100, 0
0xbed1c4b968ab2e0a, 0, 0
0xbee94b097cbe45e7, 0, 0
0xbf0df7e86d2bb562, 197, 0
0xbfa7c43912706206, 27, 0
0xbfcab9bc95df5efd, 6710, 0
0xc0be64c94aca9808, 29, 0
0xc13debc56d930836, 466, 0
0xc1992e024591e95d, 5010, 0
0xc19bcef77bda0bd5, 517, 0
0xc1d1fbcb62f7e87b, 4270, 0
0xc20af20c9ee1034c, 1180, 0
0xc2ae8af22c6ec89f, 177, 0
0xc2d26139f8cbbefc, 4, 0
0xc3336c2d26860feb, 8270, 0
0xc3376f25604f5883, 2590, 0
0xc36cc3bf8950760c, 109870, 0
0xc3b0794fae59cf0d, 297, 0
0xc3d6f30b1de26619, 37760, 0
0xc42fc4be5e7d3637, 6110, 0
0xc44a041d09178cdc, 658, 0
0xc4b52857f2555fc2, 105, 0
0xc526b107e234910e, 0, 0
0xc5560c69ac9eb02f, 10290, 0
0xc57544af614a6bae, 2010, 0
0xc58cdddf9268a904, 0, 0
0xc5cd39d10b0431aa, 375, 0
0xc5dac06783e5123e, 128, 0
0xc61e203274d122d1, 3030, 0
0xc665d94714908893, 99, 0
0xc6b22e6cc9505114, 1500, 0
0xc70571e053dfd49a, 5480, 0
0xc73894009749d1c3, 2, 0
0xc74d52080e553107, 0, 0
0xc74fa5219993531d, 4580, 0
0xc7ecb8d657727972, 5060, 0
0xc80ba3448ebe6f39, 102, 0
0xc90be85f68cadad4, 3140, 0
0xc931887ecc765cd5, 306, 0
0xca11dbd2a05efcc0, 69, 0
0xcb393a8687ccfb2e, 528, 0
0xcb55c84a1cc89ff5, 1110, 0
0xcb7710f58e6ea4f2, 0, 0
0xcb9ca4e9e99bf31f, 103, 0
0xcba94ac4d5c8e499, 241, 0
0xcbe17be4596f3b4d, 0, 0
0xcc1994c3e53e0daa, 0, 0
0xcc3c7d7b400d7b4b, 100, 0
0xccf05faa9a4eaefa, 0, 0
0xcd1a686ed1a396a5, 0, 0
0xcd329cf86aeef525, 3500, 0
0xcdaa4c2be949a908, 1820, 0
0xcdd3b35ba71542b8, 31240, 0
0xcdf5b86f3b001662, 2740, 0
0xce00b3b35709d68e, 20500, 0
0xce53fe5700bc8834, 635, 0
0xce61d8d99c8fab1a, 0, 0
0xce85194ec624a925, 9, 0
0xce8f7713b07e954b, 0, 0
0xcecbcac1c90b0647, 47530, 0
0xcf0487e3791d1e1a, 7, 0
0xcf72b981238e80b5, 0, 0
0xcfca28d7fa75dae6, 1010, 0
0xd00e3bccc858198c, 501, 0
0xd010c968250e5afe, 5020, 0
0xd020d6868075335e, 0, 0
0xd02e95565bebbac1, 4290, 0
0xd089b7339684ab4d, 507, 0
0xd09215feffae0cea, 0, 0
0xd0c0f9ec316a2a0c, 0, 0
0xd0e3a14eefd34fd7, 52, 0
0xd0f005a05e147892, 12360, 0
0xd1033d20e87f792c, 501, 0
0xd1637a4a4fdc014b, 626, 0
0xd1b58b2756870be9, 0, 0
0xd1bdaa32a1f7048f, 546, 0
0xd1fcd4a064a829a8, 3360, 0
0xd22bd5db0f0f5d13, 386, 0
0xd22d7c62bb3fbdcf, 4740, 0
0xd23a78c692a2061e, 233, 0
0xd29e9b1b4dae3ff3, 18, 0
0xd2a0220f0c177f9d, 496, 0
0xd30c003d27c6f694, 113, 0
0xd32c5ec9847f489f, 0, 0
0xd36dad36ad179932, 6, 0
0xd3adaebc40683690, 0, 0
0xd4405171622f48e9, 9, 0
0xd47bdc4f285060d5, 50, 0
0xd495082e2bcb44b0, 0, 0
0xd4a952e379ed4662, 143, 0
0xd4af25ead2205d9e, 98, 0
0xd4b0213d8800c82f, 109, 0
0xd4d84275070b3d37, 112, 0
0xd4e7f393f4ad0ae7, 69180, 0
0xd53048437f58286d, 1080, 0
0xd567bfbefc07aca0, 0, 0
0xd5a5dd67b36470e3, 10, 0
0xd6339f822c7eae5c, 0, 0
0xd65e0dfe7478136c, 10000, 0
0xd6e3808f64904542, 0, 0
0xd6f58a0ff5ecf00e, 116, 0
0xd75510f322ae2e36, 1120, 0
0xd773895ad8293f2f, 0, 0
0xd7875b554f42d3e9, 0, 0
0xd7a2dd6a62ff6c29, 38530, 0
0xd7a8e920c9272108, 35, 0
0xd7d56e1768011985, 0, 0
0xd7e062eea1b17ced, 2270, 0
0xd892f662c8edc12f, 69, 0
0xd8a7eefabfc69fbb, 314, 0
0xd91cf8be42961a59, 340, 0
0xd96ef9b51bce967a, 20830, 0
0xd9987a7cf11a672a, 8, 0
0xda022bb6854b35de, 997, 0
0xda038329fa6e6fc7, 75300, 0
0xda96891a610b743d, 1, 0
0xdaf728422fe67871, 0, 0
0xdb2dacf08b4f81ed, 367, 0
0xdb3c2f48ba40c2dc, 1090, 0
0xdb54271562ab300a, 0, 0
0xdb99ed60db7e5cd4, 32780, 0
0xdc1227b2664ee86b, 1050, 0
0xdc56076aba746ad8, 597, 0
0xdcd170f19ac9404e, 234, 0
0xdcde46cff4a0e993, 1, 0
0xdce8f0adaee64204, 7, 0
0xdd31793ab389e615, 55, 0
0xdd8239a09b69349b, 0, 0
0xdde80ea1c97971ef, 10180, 0
0xdf4924ae636f3f12, 0, 0
0xdf5b6c57bebfc5cb, 500, 0
0xdf91f9fff5963c6b, 0, 0
0xdfb7bca40282511f, 0, 0
0xdfcf7914537477d9, 548, 0
0xdfdd1e5e46651bd3, 121, 0
0xe0d44ad7ab102600, 1320, 0
0xe0fb17507dc7ff5b, 1, 0
0xe100c473bd038238, 0, 0
0xe1128392096b0d2a, 1740, 0
0xe15885986ef4e022, 177, 0
0xe1ab985455b7bfe3, 10470, 0
0xe26f5504062201df, 52, 0
0xe319e1a882899991, 921, 0
0xe3595532ebda6abe, 536, 0
0xe37b5b58a20947de, 97, 0
0xe3ad58f8458ab304, 107, 0
0xe439b9ba0fb4cd0a, 2170, 0
0xe45b9806f66e73f2, 30950, 0
0xe47f3e91c70e403c, 546, 0
0xe4824552fdcc17cf, 444, 0
0xe49e356ba294d55f, 0, 0
0xe53507a1fb89e089, 3360, 0
0xe5725bfa13d599fb, 21270, 0
0xe579a9052802cd25, 2750, 0
0xe57cf38156b5e848, 497, 0
0xe5bf9101c247e651, 0, 0
0xe62b76d4f0085c90, 0, 0
0xe687aac45191549d, 0, 0
0xe6b2b80b7efd3a2d, 0, 0
0xe7035f7227a1dfc2, 820, 0
0xe728ccc4d00e33d2, 5, 0
0xe7599640ddc32c9e, 0, 0
0xe772a4d7594d3b34, 3260, 0
0xe80ba59f211e870b, 5510, 0
0xe821f84ff1c68681, 20, 0
0xe83506c691a0bce4, 6360, 0
0xe85450d0f3856396, 5400, 0
0xe8570a6b4c70d573, 1, 0
0xe85fb3797f319307, 244, 0
0xe8690728f76086d6, 3860, 0
0xe86b651ece3edc46, 124500, 0
0xe874996808057c0b, 0, 0
0xe89dd8ef5cfdda4a, 12, 0
0xe8a73e30eb1c4868, 1340, 0
0xe953b17c14dcb937, 132, 0
0xe962d87e3d914d5f, 0, 0
0xe96456ad9eca889a, 638, 0
0xe990bee7c6100aac, 7, 0
0xe9b396959d7882d4, 150990, 0
0xe9b53e43bfd54fac, 321, 0
0xe9bc3fae16e8335f, 1810, 0
0xea35dca8469b7780, 1970, 0
0xea3afe1f1ad3d8dc, 44, 0
0xeab489cd818841f9, 1220, 0
0xeb078a3ed0967a37, 396, 0
0xeb4646f06e70827b, 9310, 0
0xebddb567309f8aa4, 167, 0
0xec87f8c69e0627e9, 0, 0
0xec89acc3cee4fd68, 0, 0
0xeca423c41d370a07, 205, 0
0xed5e009b46f8e3ec, 197, 0
0xeda065a09406b50a, 6, 0
0xede9265774f2ee94, 1540, 0
0xee05f831c833dedc, 197, 0
0xeef456d28ac3120f, 102, 0
0xef3b18cbf5126592, 511, 0
0xef7b51d825c68c0c, 47, 0
0xef96dfb27672b9e0, 0, 0
0xf009db8daced0835, 103, 0
0xf06b0241a7b40d77, 197, 0
0xf07a10b697911081, 1050, 0
0xf0ab7131685db953, 197, 0
0xf109d74a52690d98, 0, 0
0xf11c6f3277a96095, 1, 0
0xf12a14527383f98c, 1040, 0
0xf15a1767862f9745, 2960, 0
0xf19628f4cd3615fe, 388, 0
0xf26b47a5d1349497, 94, 0
0xf29069bc561c8e32, 552, 0
0xf299723a6dcb5922, 70, 0
0xf333d6af68621e48, 5100, 0
0xf340eef5c74f29b1, 156, 0
0xf34dafb6e05d561b, 4, 0
0xf36c85c599c6889f, 0, 0
0xf3744cefab12e522, 99, 0
0xf3746e129c20daf9, 12, 0
0xf39a0c4fa153db22, 98, 0
0xf3b2726318285054, 545, 0
0xf3e3ed81ec806310, 3, 0
0xf3e52b868479a60d, 2490, 0
0xf4534b0bcff1ccdf, 347, 0
0xf456370bd6d061c7, 160, 0
0xf4ab91d20337f979, 14810, 0
0xf503e580de10f91c, 464, 0
0xf54ab577229f2e76, 16260, 0
0xf56054ca835a0e83, 5590, 0
0xf594d0a167fc4cbb, 26730, 0
0xf5a9a3868d069507, 5920, 0
0xf5aa97ed763b78d6, 20030, 0
0xf618fabd3eae59e9, 0, 0
0xf65ab416675c135e, 119, 0
0xf6e255aca19a0c89, 5, 0
0xf6f5cce84352c73c, 0, 0
0xf751b112771ff632, 480220, 0
0xf7f9952446cbf600, 62, 0
0xf834fce1de56a33a, 10, 0
0xf83c7e3a3b0f255d, 0, 0
0xf84a1e21d393d375, 65580, 0
0xf88b498a89c6c916, 103, 0
0xf890ff2348b01bb8, 122, 0
0xf8d01c9e213626ab, 8410, 0
0xf8fc147f04543576, 0, 0
0xf918bccd18e66e78, 0, 0
0xf99470aa3c550d8d, 0, 0
0xfa1998528207ba59, 1000, 0
0xfa2a1c865772c591, 35390, 0
0xfa5ce1bbedb80af7, 97, 0
0xfb834536401d3ea1, 1000, 0
0xfbf6417e935f9fa1, 0, 0
0xfc21c6eed3553858, 6, 0
0xfc4697dc989b2473, 3260, 0
0xfd17b739ec515159, 2, 0
0xfd1cccf09a154914, 0, 0
0xfd249c4411815f8b, 2980, 0
0xfd2b98303e905a65, 19, 0
0xfd2cbc262cd37b6a, 10070, 0
0xfd3b5d1c62378ac1, 0, 0
0xfd5f25b78661620b, 23340, 0
0xfe2a49aad2f359ea, 0, 0
0xfe677241ea92ad38, 0, 0
0xfe7e907736b79f32, 0, 0
0xff1cb56386d6799d, 3840, 0
0xff25b9db2258e3af, 0, 0
0xff270618cbe25a31, 5070, 0
0xff37a96437f4022b, 7340, 0
0xffc48cf303d54087, 5510, 0
0xffdc9eeb50e7c687, 4, 0
0xffdcba29f11677fe, 107, 0
0xffe9be546bd3c68e, 60740, 0
0xffed333be216cb95, 229, 0
0xffff17bccfdc10c1, 0, 0
